[
  {
    "model": "admin.logentry",
    "pk": 1,
    "fields": {
      "action_time": "2026-02-01T05:08:50.406Z",
      "user": "49c98878-572e-4fac-b85f-d8a1c8a5225e",
      "content_type": 16,
      "object_id": "486c3eca-c66e-4646-8661-a1077b15de9c",
      "object_repr": "HTML Basics – Beginner Guide",
      "action_flag": 1,
      "change_message": "[{\"added\": {}}]"
    }
  },
  {
    "model": "admin.logentry",
    "pk": 2,
    "fields": {
      "action_time": "2026-02-01T06:34:39.625Z",
      "user": "49c98878-572e-4fac-b85f-d8a1c8a5225e",
      "content_type": 16,
      "object_id": "486c3eca-c66e-4646-8661-a1077b15de9c",
      "object_repr": "HTML Basics – Beginner Guide",
      "action_flag": 2,
      "change_message": "[{\"changed\": {\"fields\": [\"Pages\", \"Read time\"]}}]"
    }
  },
  {
    "model": "admin.logentry",
    "pk": 3,
    "fields": {
      "action_time": "2026-02-01T06:44:45.109Z",
      "user": "49c98878-572e-4fac-b85f-d8a1c8a5225e",
      "content_type": 16,
      "object_id": "486c3eca-c66e-4646-8661-a1077b15de9c",
      "object_repr": "HTML Basics – Beginner Guide",
      "action_flag": 3,
      "change_message": ""
    }
  },
  {
    "model": "admin.logentry",
    "pk": 4,
    "fields": {
      "action_time": "2026-02-01T06:49:56.602Z",
      "user": "49c98878-572e-4fac-b85f-d8a1c8a5225e",
      "content_type": 16,
      "object_id": "98f01773-5b62-4db0-af9e-66123ee2234c",
      "object_repr": "HTML",
      "action_flag": 1,
      "change_message": "[{\"added\": {}}]"
    }
  },
  {
    "model": "admin.logentry",
    "pk": 5,
    "fields": {
      "action_time": "2026-02-01T06:51:49.385Z",
      "user": "49c98878-572e-4fac-b85f-d8a1c8a5225e",
      "content_type": 16,
      "object_id": "8405d685-a13a-4779-9b54-45ae1800bd92",
      "object_repr": "CSS",
      "action_flag": 1,
      "change_message": "[{\"added\": {}}]"
    }
  },
  {
    "model": "admin.logentry",
    "pk": 6,
    "fields": {
      "action_time": "2026-02-01T06:52:42.737Z",
      "user": "49c98878-572e-4fac-b85f-d8a1c8a5225e",
      "content_type": 16,
      "object_id": "c3dd3995-0e0d-4399-a03c-4ebef585996a",
      "object_repr": "Javascript",
      "action_flag": 1,
      "change_message": "[{\"added\": {}}]"
    }
  },
  {
    "model": "admin.logentry",
    "pk": 7,
    "fields": {
      "action_time": "2026-02-01T06:53:28.148Z",
      "user": "49c98878-572e-4fac-b85f-d8a1c8a5225e",
      "content_type": 16,
      "object_id": "fb47eded-1c6b-4856-a8bc-cdfc5502400e",
      "object_repr": "Python",
      "action_flag": 1,
      "change_message": "[{\"added\": {}}]"
    }
  },
  {
    "model": "admin.logentry",
    "pk": 8,
    "fields": {
      "action_time": "2026-02-01T06:56:15.632Z",
      "user": "49c98878-572e-4fac-b85f-d8a1c8a5225e",
      "content_type": 16,
      "object_id": "903c7024-87b9-4e61-b3c2-d1b3a1b971c6",
      "object_repr": "SQL",
      "action_flag": 1,
      "change_message": "[{\"added\": {}}]"
    }
  },
  {
    "model": "admin.logentry",
    "pk": 9,
    "fields": {
      "action_time": "2026-02-01T06:57:00.223Z",
      "user": "49c98878-572e-4fac-b85f-d8a1c8a5225e",
      "content_type": 16,
      "object_id": "3936a8e3-6327-4cca-90e2-4489597a142c",
      "object_repr": "React.js",
      "action_flag": 1,
      "change_message": "[{\"added\": {}}]"
    }
  },
  {
    "model": "admin.logentry",
    "pk": 10,
    "fields": {
      "action_time": "2026-02-01T08:23:53.643Z",
      "user": "49c98878-572e-4fac-b85f-d8a1c8a5225e",
      "content_type": 11,
      "object_id": "1f00acfe-d3a7-4fe5-97fc-7bdd34efa9be",
      "object_repr": "DevOps",
      "action_flag": 1,
      "change_message": "[{\"added\": {}}]"
    }
  },
  {
    "model": "admin.logentry",
    "pk": 11,
    "fields": {
      "action_time": "2026-02-01T08:24:21.864Z",
      "user": "49c98878-572e-4fac-b85f-d8a1c8a5225e",
      "content_type": 11,
      "object_id": "5745fc2b-9caf-4d6b-acb7-a57a8fb79632",
      "object_repr": "mobile dev",
      "action_flag": 1,
      "change_message": "[{\"added\": {}}]"
    }
  },
  {
    "model": "admin.logentry",
    "pk": 12,
    "fields": {
      "action_time": "2026-02-01T08:30:33.067Z",
      "user": "49c98878-572e-4fac-b85f-d8a1c8a5225e",
      "content_type": 11,
      "object_id": "1f00acfe-d3a7-4fe5-97fc-7bdd34efa9be",
      "object_repr": "DevOps",
      "action_flag": 3,
      "change_message": ""
    }
  },
  {
    "model": "admin.logentry",
    "pk": 13,
    "fields": {
      "action_time": "2026-02-01T08:30:33.067Z",
      "user": "49c98878-572e-4fac-b85f-d8a1c8a5225e",
      "content_type": 11,
      "object_id": "5745fc2b-9caf-4d6b-acb7-a57a8fb79632",
      "object_repr": "mobile dev",
      "action_flag": 3,
      "change_message": ""
    }
  },
  {
    "model": "admin.logentry",
    "pk": 14,
    "fields": {
      "action_time": "2026-02-01T08:34:36.191Z",
      "user": "49c98878-572e-4fac-b85f-d8a1c8a5225e",
      "content_type": 16,
      "object_id": "98f01773-5b62-4db0-af9e-66123ee2234c",
      "object_repr": "HTML",
      "action_flag": 2,
      "change_message": "[{\"changed\": {\"fields\": [\"Is featured\"]}}]"
    }
  },
  {
    "model": "admin.logentry",
    "pk": 15,
    "fields": {
      "action_time": "2026-02-01T12:08:12.093Z",
      "user": "49c98878-572e-4fac-b85f-d8a1c8a5225e",
      "content_type": 11,
      "object_id": "2ebe054e-a940-4b2e-ba1b-899ef893fc7d",
      "object_repr": "fafafaf",
      "action_flag": 1,
      "change_message": "[{\"added\": {}}]"
    }
  },
  {
    "model": "admin.logentry",
    "pk": 16,
    "fields": {
      "action_time": "2026-02-01T12:08:35.819Z",
      "user": "49c98878-572e-4fac-b85f-d8a1c8a5225e",
      "content_type": 11,
      "object_id": "2ebe054e-a940-4b2e-ba1b-899ef893fc7d",
      "object_repr": "fafafaf",
      "action_flag": 2,
      "change_message": "[{\"changed\": {\"fields\": [\"Description\", \"Icon\"]}}]"
    }
  },
  {
    "model": "admin.logentry",
    "pk": 17,
    "fields": {
      "action_time": "2026-02-01T12:09:04.104Z",
      "user": "49c98878-572e-4fac-b85f-d8a1c8a5225e",
      "content_type": 11,
      "object_id": "2ebe054e-a940-4b2e-ba1b-899ef893fc7d",
      "object_repr": "fafafaf",
      "action_flag": 2,
      "change_message": "[{\"changed\": {\"fields\": [\"Color\", \"Order\"]}}]"
    }
  },
  {
    "model": "admin.logentry",
    "pk": 18,
    "fields": {
      "action_time": "2026-02-01T12:09:29.879Z",
      "user": "49c98878-572e-4fac-b85f-d8a1c8a5225e",
      "content_type": 11,
      "object_id": "2ebe054e-a940-4b2e-ba1b-899ef893fc7d",
      "object_repr": "fafafaf",
      "action_flag": 3,
      "change_message": ""
    }
  },
  {
    "model": "admin.logentry",
    "pk": 19,
    "fields": {
      "action_time": "2026-02-01T12:15:05.728Z",
      "user": "49c98878-572e-4fac-b85f-d8a1c8a5225e",
      "content_type": 18,
      "object_id": "00000000-0000-0000-0000-000000000001",
      "object_repr": "Site Settings (Updated: 2026-02-01 12:15)",
      "action_flag": 2,
      "change_message": "[{\"changed\": {\"fields\": [\"Contact email\"]}}]"
    }
  },
  {
    "model": "admin.logentry",
    "pk": 20,
    "fields": {
      "action_time": "2026-02-01T12:15:36.835Z",
      "user": "49c98878-572e-4fac-b85f-d8a1c8a5225e",
      "content_type": 18,
      "object_id": "00000000-0000-0000-0000-000000000001",
      "object_repr": "Site Settings (Updated: 2026-02-01 12:15)",
      "action_flag": 2,
      "change_message": "[]"
    }
  },
  {
    "model": "admin.logentry",
    "pk": 21,
    "fields": {
      "action_time": "2026-02-01T12:15:55.640Z",
      "user": "49c98878-572e-4fac-b85f-d8a1c8a5225e",
      "content_type": 18,
      "object_id": "00000000-0000-0000-0000-000000000001",
      "object_repr": "Site Settings (Updated: 2026-02-01 12:15)",
      "action_flag": 2,
      "change_message": "[{\"changed\": {\"fields\": [\"Site name\"]}}]"
    }
  },
  {
    "model": "admin.logentry",
    "pk": 22,
    "fields": {
      "action_time": "2026-02-01T12:16:20.307Z",
      "user": "49c98878-572e-4fac-b85f-d8a1c8a5225e",
      "content_type": 18,
      "object_id": "00000000-0000-0000-0000-000000000001",
      "object_repr": "Site Settings (Updated: 2026-02-01 12:16)",
      "action_flag": 2,
      "change_message": "[{\"changed\": {\"fields\": [\"Site name\"]}}]"
    }
  },
  {
    "model": "admin.logentry",
    "pk": 23,
    "fields": {
      "action_time": "2026-02-01T12:34:52.274Z",
      "user": "49c98878-572e-4fac-b85f-d8a1c8a5225e",
      "content_type": 11,
      "object_id": "9f399740-c6cf-45c6-ae87-26c9d18f56d0",
      "object_repr": "fafafa",
      "action_flag": 1,
      "change_message": "[{\"added\": {}}]"
    }
  },
  {
    "model": "admin.logentry",
    "pk": 24,
    "fields": {
      "action_time": "2026-02-02T09:50:22.001Z",
      "user": "49c98878-572e-4fac-b85f-d8a1c8a5225e",
      "content_type": 11,
      "object_id": "9f399740-c6cf-45c6-ae87-26c9d18f56d0",
      "object_repr": "fafafa",
      "action_flag": 3,
      "change_message": ""
    }
  },
  {
    "model": "admin.logentry",
    "pk": 25,
    "fields": {
      "action_time": "2026-02-02T09:50:34.616Z",
      "user": "49c98878-572e-4fac-b85f-d8a1c8a5225e",
      "content_type": 11,
      "object_id": "222d1adf-34b5-40ee-a9f4-07953aea8b16",
      "object_repr": "try",
      "action_flag": 1,
      "change_message": "[{\"added\": {}}]"
    }
  },
  {
    "model": "admin.logentry",
    "pk": 26,
    "fields": {
      "action_time": "2026-02-02T09:50:51.843Z",
      "user": "49c98878-572e-4fac-b85f-d8a1c8a5225e",
      "content_type": 11,
      "object_id": "222d1adf-34b5-40ee-a9f4-07953aea8b16",
      "object_repr": "try",
      "action_flag": 3,
      "change_message": ""
    }
  },
  {
    "model": "admin.logentry",
    "pk": 27,
    "fields": {
      "action_time": "2026-02-02T09:56:41.541Z",
      "user": "49c98878-572e-4fac-b85f-d8a1c8a5225e",
      "content_type": 16,
      "object_id": "8c1106b0-df1f-43e8-bfa3-4e4cef735930",
      "object_repr": "Bash",
      "action_flag": 1,
      "change_message": "[{\"added\": {}}]"
    }
  },
  {
    "model": "admin.logentry",
    "pk": 28,
    "fields": {
      "action_time": "2026-02-02T09:57:51.331Z",
      "user": "49c98878-572e-4fac-b85f-d8a1c8a5225e",
      "content_type": 14,
      "object_id": "036a21e2-8757-46b2-bd84-c8f466268847",
      "object_repr": "Frontend - HTML",
      "action_flag": 2,
      "change_message": "[{\"changed\": {\"name\": \"question\", \"object\": \"HTML L1: What does HTML stand forrr?\", \"fields\": [\"Question type\", \"Question text\"]}}]"
    }
  },
  {
    "model": "admin.logentry",
    "pk": 29,
    "fields": {
      "action_time": "2026-02-02T09:58:15.884Z",
      "user": "49c98878-572e-4fac-b85f-d8a1c8a5225e",
      "content_type": 14,
      "object_id": "036a21e2-8757-46b2-bd84-c8f466268847",
      "object_repr": "Frontend - HTML",
      "action_flag": 2,
      "change_message": "[{\"changed\": {\"name\": \"question\", \"object\": \"HTML L1: What does HTML stand for?\", \"fields\": [\"Question type\", \"Question text\"]}}]"
    }
  },
  {
    "model": "admin.logentry",
    "pk": 30,
    "fields": {
      "action_time": "2026-02-02T09:58:51.172Z",
      "user": "49c98878-572e-4fac-b85f-d8a1c8a5225e",
      "content_type": 14,
      "object_id": "036a21e2-8757-46b2-bd84-c8f466268847",
      "object_repr": "Frontend - HTML",
      "action_flag": 2,
      "change_message": "[{\"added\": {\"name\": \"question\", \"object\": \"HTML L16: find this error ok\"}}]"
    }
  },
  {
    "model": "admin.logentry",
    "pk": 31,
    "fields": {
      "action_time": "2026-02-02T09:59:05.419Z",
      "user": "49c98878-572e-4fac-b85f-d8a1c8a5225e",
      "content_type": 14,
      "object_id": "036a21e2-8757-46b2-bd84-c8f466268847",
      "object_repr": "Frontend - HTML",
      "action_flag": 2,
      "change_message": "[{\"changed\": {\"fields\": [\"Total levels\"]}}]"
    }
  },
  {
    "model": "admin.logentry",
    "pk": 32,
    "fields": {
      "action_time": "2026-02-02T10:00:23.531Z",
      "user": "49c98878-572e-4fac-b85f-d8a1c8a5225e",
      "content_type": 12,
      "object_id": "0d1552bd-509b-4341-b073-acef4ffb4efe",
      "object_repr": "HTML L16: find this ok",
      "action_flag": 1,
      "change_message": "[{\"added\": {}}]"
    }
  },
  {
    "model": "admin.logentry",
    "pk": 33,
    "fields": {
      "action_time": "2026-02-02T10:02:12.682Z",
      "user": "49c98878-572e-4fac-b85f-d8a1c8a5225e",
      "content_type": 12,
      "object_id": "0d1552bd-509b-4341-b073-acef4ffb4efe",
      "object_repr": "HTML L1: find this ok",
      "action_flag": 2,
      "change_message": "[{\"changed\": {\"fields\": [\"Level\"]}}]"
    }
  },
  {
    "model": "admin.logentry",
    "pk": 34,
    "fields": {
      "action_time": "2026-02-02T10:03:08.964Z",
      "user": "49c98878-572e-4fac-b85f-d8a1c8a5225e",
      "content_type": 12,
      "object_id": "458715c2-d385-4319-a72c-a1f304799d50",
      "object_repr": "HTML L16: find this error ok",
      "action_flag": 3,
      "change_message": ""
    }
  },
  {
    "model": "admin.logentry",
    "pk": 35,
    "fields": {
      "action_time": "2026-02-02T10:03:38.623Z",
      "user": "49c98878-572e-4fac-b85f-d8a1c8a5225e",
      "content_type": 12,
      "object_id": "0d1552bd-509b-4341-b073-acef4ffb4efe",
      "object_repr": "HTML L1: find this ok",
      "action_flag": 2,
      "change_message": "[{\"changed\": {\"fields\": [\"Xp reward\"]}}]"
    }
  },
  {
    "model": "admin.logentry",
    "pk": 36,
    "fields": {
      "action_time": "2026-02-02T10:05:05.622Z",
      "user": "49c98878-572e-4fac-b85f-d8a1c8a5225e",
      "content_type": 14,
      "object_id": "2e76deca-8b4c-4618-980a-10bcb8015b6e",
      "object_repr": "Frontend - JavaScript",
      "action_flag": 2,
      "change_message": "[{\"added\": {\"name\": \"question\", \"object\": \"JavaScript L12: TEST\"}}]"
    }
  },
  {
    "model": "admin.logentry",
    "pk": 37,
    "fields": {
      "action_time": "2026-02-02T10:05:35.470Z",
      "user": "49c98878-572e-4fac-b85f-d8a1c8a5225e",
      "content_type": 12,
      "object_id": "21f803a6-0dcb-4fdf-9df9-ef87424dab78",
      "object_repr": "JavaScript L12: TEST",
      "action_flag": 3,
      "change_message": ""
    }
  },
  {
    "model": "admin.logentry",
    "pk": 38,
    "fields": {
      "action_time": "2026-02-02T10:06:13.268Z",
      "user": "49c98878-572e-4fac-b85f-d8a1c8a5225e",
      "content_type": 14,
      "object_id": "036a21e2-8757-46b2-bd84-c8f466268847",
      "object_repr": "Frontend - HTML",
      "action_flag": 2,
      "change_message": "[{\"added\": {\"name\": \"question\", \"object\": \"HTML L12: YOU HOO\"}}]"
    }
  },
  {
    "model": "admin.logentry",
    "pk": 39,
    "fields": {
      "action_time": "2026-02-02T10:06:47.089Z",
      "user": "49c98878-572e-4fac-b85f-d8a1c8a5225e",
      "content_type": 12,
      "object_id": "978d7b40-345d-4dad-b0bb-7d8f9e7c5c84",
      "object_repr": "HTML L12: YOU HOO",
      "action_flag": 3,
      "change_message": ""
    }
  },
  {
    "model": "admin.logentry",
    "pk": 40,
    "fields": {
      "action_time": "2026-02-02T10:08:35.787Z",
      "user": "49c98878-572e-4fac-b85f-d8a1c8a5225e",
      "content_type": 12,
      "object_id": "0d1552bd-509b-4341-b073-acef4ffb4efe",
      "object_repr": "HTML L1: find this ok",
      "action_flag": 2,
      "change_message": "[{\"changed\": {\"fields\": [\"Xp reward\"]}}]"
    }
  },
  {
    "model": "admin.logentry",
    "pk": 41,
    "fields": {
      "action_time": "2026-02-02T10:32:10.522Z",
      "user": "49c98878-572e-4fac-b85f-d8a1c8a5225e",
      "content_type": 14,
      "object_id": "2e76deca-8b4c-4618-980a-10bcb8015b6e",
      "object_repr": "Frontend - JavaScript",
      "action_flag": 2,
      "change_message": "[{\"added\": {\"name\": \"question\", \"object\": \"JavaScript L1: fafaff\"}}]"
    }
  },
  {
    "model": "admin.logentry",
    "pk": 42,
    "fields": {
      "action_time": "2026-02-02T10:32:49.776Z",
      "user": "49c98878-572e-4fac-b85f-d8a1c8a5225e",
      "content_type": 12,
      "object_id": "cec6cb50-4d3a-4a62-890a-bf3a317dc8bc",
      "object_repr": "JavaScript L1: fafaff",
      "action_flag": 3,
      "change_message": ""
    }
  },
  {
    "model": "admin.logentry",
    "pk": 43,
    "fields": {
      "action_time": "2026-02-02T10:34:03.479Z",
      "user": "49c98878-572e-4fac-b85f-d8a1c8a5225e",
      "content_type": 11,
      "object_id": "e8ca6d7d-4dfc-4b7d-bdef-480043cc955e",
      "object_repr": "mobildedev",
      "action_flag": 1,
      "change_message": "[{\"added\": {}}]"
    }
  },
  {
    "model": "admin.logentry",
    "pk": 44,
    "fields": {
      "action_time": "2026-02-02T10:34:36.345Z",
      "user": "49c98878-572e-4fac-b85f-d8a1c8a5225e",
      "content_type": 14,
      "object_id": "9777a544-fc02-477d-86ef-681e18825867",
      "object_repr": "mobildedev - react native",
      "action_flag": 1,
      "change_message": "[{\"added\": {}}]"
    }
  },
  {
    "model": "admin.logentry",
    "pk": 45,
    "fields": {
      "action_time": "2026-02-02T10:35:15.927Z",
      "user": "49c98878-572e-4fac-b85f-d8a1c8a5225e",
      "content_type": 14,
      "object_id": "9777a544-fc02-477d-86ef-681e18825867",
      "object_repr": "mobildedev - react native",
      "action_flag": 2,
      "change_message": "[{\"added\": {\"name\": \"question\", \"object\": \"react native L1: fafafafafaf\"}}, {\"added\": {\"name\": \"question\", \"object\": \"react native L2: ffff\"}}]"
    }
  },
  {
    "model": "admin.logentry",
    "pk": 46,
    "fields": {
      "action_time": "2026-02-02T10:35:56.224Z",
      "user": "49c98878-572e-4fac-b85f-d8a1c8a5225e",
      "content_type": 12,
      "object_id": "4c7325da-f506-455f-9efd-3f83e093ffdd",
      "object_repr": "react native L2: ffff",
      "action_flag": 2,
      "change_message": "[{\"changed\": {\"fields\": [\"Code snippet\", \"Highlight line\", \"Options\", \"Correct answer\"]}}]"
    }
  },
  {
    "model": "admin.logentry",
    "pk": 47,
    "fields": {
      "action_time": "2026-02-02T10:36:10.663Z",
      "user": "49c98878-572e-4fac-b85f-d8a1c8a5225e",
      "content_type": 12,
      "object_id": "ca885a1d-512f-4bc0-aff7-e61d60ac5e19",
      "object_repr": "react native L1: fafafafafaf",
      "action_flag": 2,
      "change_message": "[{\"changed\": {\"fields\": [\"Options\"]}}]"
    }
  },
  {
    "model": "admin.logentry",
    "pk": 48,
    "fields": {
      "action_time": "2026-02-02T10:47:11.652Z",
      "user": "49c98878-572e-4fac-b85f-d8a1c8a5225e",
      "content_type": 12,
      "object_id": "66e97a0a-5f09-419e-a101-58ad85a9cd7e",
      "object_repr": "react native L1: fafafafa",
      "action_flag": 1,
      "change_message": "[{\"added\": {}}]"
    }
  },
  {
    "model": "admin.logentry",
    "pk": 49,
    "fields": {
      "action_time": "2026-02-02T11:01:15.550Z",
      "user": "49c98878-572e-4fac-b85f-d8a1c8a5225e",
      "content_type": 10,
      "object_id": "062aaca1-8d9d-4132-8b6c-1dd70d1d235f",
      "object_repr": "try@gmail.com",
      "action_flag": 1,
      "change_message": "[{\"added\": {}}]"
    }
  },
  {
    "model": "admin.logentry",
    "pk": 50,
    "fields": {
      "action_time": "2026-02-02T11:32:03.653Z",
      "user": "49c98878-572e-4fac-b85f-d8a1c8a5225e",
      "content_type": 14,
      "object_id": "5151d275-7488-41cf-8b2f-2cf3f590e76b",
      "object_repr": "DevOps - SQL",
      "action_flag": 2,
      "change_message": "[{\"changed\": {\"fields\": [\"Icon file\"]}}]"
    }
  },
  {
    "model": "admin.logentry",
    "pk": 51,
    "fields": {
      "action_time": "2026-02-02T11:40:28.033Z",
      "user": "49c98878-572e-4fac-b85f-d8a1c8a5225e",
      "content_type": 14,
      "object_id": "2e76deca-8b4c-4618-980a-10bcb8015b6e",
      "object_repr": "Frontend - JavaScript",
      "action_flag": 2,
      "change_message": "[{\"changed\": {\"fields\": [\"Icon file\"]}}]"
    }
  },
  {
    "model": "admin.logentry",
    "pk": 52,
    "fields": {
      "action_time": "2026-02-02T11:41:05.234Z",
      "user": "49c98878-572e-4fac-b85f-d8a1c8a5225e",
      "content_type": 14,
      "object_id": "036a21e2-8757-46b2-bd84-c8f466268847",
      "object_repr": "Frontend - HTML",
      "action_flag": 2,
      "change_message": "[{\"changed\": {\"fields\": [\"Icon file\"]}}]"
    }
  },
  {
    "model": "admin.logentry",
    "pk": 53,
    "fields": {
      "action_time": "2026-02-02T11:42:24.932Z",
      "user": "49c98878-572e-4fac-b85f-d8a1c8a5225e",
      "content_type": 14,
      "object_id": "2e76deca-8b4c-4618-980a-10bcb8015b6e",
      "object_repr": "Frontend - JavaScript",
      "action_flag": 2,
      "change_message": "[]"
    }
  },
  {
    "model": "admin.logentry",
    "pk": 54,
    "fields": {
      "action_time": "2026-02-02T11:42:58.424Z",
      "user": "49c98878-572e-4fac-b85f-d8a1c8a5225e",
      "content_type": 14,
      "object_id": "5151d275-7488-41cf-8b2f-2cf3f590e76b",
      "object_repr": "DevOps - SQL",
      "action_flag": 2,
      "change_message": "[{\"changed\": {\"fields\": [\"Icon file\"]}}]"
    }
  },
  {
    "model": "admin.logentry",
    "pk": 55,
    "fields": {
      "action_time": "2026-02-02T11:43:33.310Z",
      "user": "49c98878-572e-4fac-b85f-d8a1c8a5225e",
      "content_type": 14,
      "object_id": "e0a9b62e-e1ce-46ed-8033-72a8cc35fffd",
      "object_repr": "Frontend - CSS",
      "action_flag": 2,
      "change_message": "[{\"changed\": {\"fields\": [\"Icon file\"]}}]"
    }
  },
  {
    "model": "admin.logentry",
    "pk": 56,
    "fields": {
      "action_time": "2026-02-02T11:44:03.115Z",
      "user": "49c98878-572e-4fac-b85f-d8a1c8a5225e",
      "content_type": 14,
      "object_id": "b8b2b841-f236-408e-a19f-21651a2ea2fb",
      "object_repr": "Frontend - React",
      "action_flag": 2,
      "change_message": "[{\"changed\": {\"fields\": [\"Icon file\"]}}]"
    }
  },
  {
    "model": "admin.logentry",
    "pk": 57,
    "fields": {
      "action_time": "2026-02-02T11:45:26.643Z",
      "user": "49c98878-572e-4fac-b85f-d8a1c8a5225e",
      "content_type": 14,
      "object_id": "a97ad704-e403-4035-ab73-ef2f50d6c183",
      "object_repr": "Backend - C++",
      "action_flag": 2,
      "change_message": "[{\"changed\": {\"fields\": [\"Icon file\"]}}]"
    }
  },
  {
    "model": "admin.logentry",
    "pk": 58,
    "fields": {
      "action_time": "2026-02-02T11:46:16.491Z",
      "user": "49c98878-572e-4fac-b85f-d8a1c8a5225e",
      "content_type": 14,
      "object_id": "a97ad704-e403-4035-ab73-ef2f50d6c183",
      "object_repr": "Backend - C++",
      "action_flag": 2,
      "change_message": "[{\"changed\": {\"fields\": [\"Icon file\"]}}]"
    }
  },
  {
    "model": "admin.logentry",
    "pk": 59,
    "fields": {
      "action_time": "2026-02-02T11:46:26.844Z",
      "user": "49c98878-572e-4fac-b85f-d8a1c8a5225e",
      "content_type": 14,
      "object_id": "ecec1cec-1e4f-43b6-849d-601fb9b3589d",
      "object_repr": "Backend - Python",
      "action_flag": 2,
      "change_message": "[{\"changed\": {\"fields\": [\"Icon file\"]}}]"
    }
  },
  {
    "model": "admin.logentry",
    "pk": 60,
    "fields": {
      "action_time": "2026-02-02T11:46:35.192Z",
      "user": "49c98878-572e-4fac-b85f-d8a1c8a5225e",
      "content_type": 14,
      "object_id": "a8103152-35fd-4300-94f2-d9e83c6a1b25",
      "object_repr": "Backend - Java",
      "action_flag": 2,
      "change_message": "[{\"changed\": {\"fields\": [\"Icon file\"]}}]"
    }
  },
  {
    "model": "admin.logentry",
    "pk": 61,
    "fields": {
      "action_time": "2026-02-02T11:47:03.806Z",
      "user": "49c98878-572e-4fac-b85f-d8a1c8a5225e",
      "content_type": 14,
      "object_id": "659a9b34-828a-41c0-b247-bd8d41fca88a",
      "object_repr": "DevOps - Bash",
      "action_flag": 2,
      "change_message": "[{\"changed\": {\"fields\": [\"Icon file\"]}}]"
    }
  },
  {
    "model": "admin.logentry",
    "pk": 62,
    "fields": {
      "action_time": "2026-02-02T11:47:34.776Z",
      "user": "49c98878-572e-4fac-b85f-d8a1c8a5225e",
      "content_type": 14,
      "object_id": "659a9b34-828a-41c0-b247-bd8d41fca88a",
      "object_repr": "DevOps - Bash",
      "action_flag": 2,
      "change_message": "[{\"changed\": {\"fields\": [\"Icon file\"]}}]"
    }
  },
  {
    "model": "admin.logentry",
    "pk": 63,
    "fields": {
      "action_time": "2026-02-02T11:50:48.525Z",
      "user": "49c98878-572e-4fac-b85f-d8a1c8a5225e",
      "content_type": 11,
      "object_id": "b2b9faa2-dde0-4d9e-939b-b0958c71e0cc",
      "object_repr": "Frontend",
      "action_flag": 2,
      "change_message": "[{\"changed\": {\"fields\": [\"Icon file\"]}}]"
    }
  },
  {
    "model": "admin.logentry",
    "pk": 64,
    "fields": {
      "action_time": "2026-02-02T12:24:03.922Z",
      "user": "49c98878-572e-4fac-b85f-d8a1c8a5225e",
      "content_type": 11,
      "object_id": "8f2ad845-15c3-411c-82ce-1516b574761e",
      "object_repr": "test",
      "action_flag": 1,
      "change_message": "[{\"added\": {}}]"
    }
  },
  {
    "model": "admin.logentry",
    "pk": 65,
    "fields": {
      "action_time": "2026-02-02T12:31:21.419Z",
      "user": "49c98878-572e-4fac-b85f-d8a1c8a5225e",
      "content_type": 19,
      "object_id": "7a15f870-5e24-4a5b-91e7-d1466eb07c6e",
      "object_repr": "Certificate: CSS",
      "action_flag": 2,
      "change_message": "[{\"changed\": {\"fields\": [\"Description\"]}}]"
    }
  },
  {
    "model": "admin.logentry",
    "pk": 66,
    "fields": {
      "action_time": "2026-02-02T12:31:44.055Z",
      "user": "49c98878-572e-4fac-b85f-d8a1c8a5225e",
      "content_type": 19,
      "object_id": "7a15f870-5e24-4a5b-91e7-d1466eb07c6e",
      "object_repr": "Certificate: CSS",
      "action_flag": 2,
      "change_message": "[{\"changed\": {\"fields\": [\"Title\"]}}]"
    }
  },
  {
    "model": "admin.logentry",
    "pk": 67,
    "fields": {
      "action_time": "2026-02-02T12:35:38.258Z",
      "user": "49c98878-572e-4fac-b85f-d8a1c8a5225e",
      "content_type": 12,
      "object_id": "0d1552bd-509b-4341-b073-acef4ffb4efe",
      "object_repr": "HTML L1: find this ok",
      "action_flag": 3,
      "change_message": ""
    }
  },
  {
    "model": "admin.logentry",
    "pk": 68,
    "fields": {
      "action_time": "2026-02-02T12:36:47.814Z",
      "user": "49c98878-572e-4fac-b85f-d8a1c8a5225e",
      "content_type": 12,
      "object_id": "ca885a1d-512f-4bc0-aff7-e61d60ac5e19",
      "object_repr": "react native L1: fafafafafaf",
      "action_flag": 3,
      "change_message": ""
    }
  },
  {
    "model": "admin.logentry",
    "pk": 69,
    "fields": {
      "action_time": "2026-02-02T12:36:47.814Z",
      "user": "49c98878-572e-4fac-b85f-d8a1c8a5225e",
      "content_type": 12,
      "object_id": "66e97a0a-5f09-419e-a101-58ad85a9cd7e",
      "object_repr": "react native L1: fafafafa",
      "action_flag": 3,
      "change_message": ""
    }
  },
  {
    "model": "admin.logentry",
    "pk": 70,
    "fields": {
      "action_time": "2026-02-02T12:36:47.814Z",
      "user": "49c98878-572e-4fac-b85f-d8a1c8a5225e",
      "content_type": 12,
      "object_id": "4c7325da-f506-455f-9efd-3f83e093ffdd",
      "object_repr": "react native L2: ffff",
      "action_flag": 3,
      "change_message": ""
    }
  },
  {
    "model": "admin.logentry",
    "pk": 71,
    "fields": {
      "action_time": "2026-02-02T12:38:00.735Z",
      "user": "49c98878-572e-4fac-b85f-d8a1c8a5225e",
      "content_type": 14,
      "object_id": "036a21e2-8757-46b2-bd84-c8f466268847",
      "object_repr": "Frontend - HTML",
      "action_flag": 2,
      "change_message": "[{\"changed\": {\"fields\": [\"Total levels\"]}}]"
    }
  },
  {
    "model": "admin.logentry",
    "pk": 72,
    "fields": {
      "action_time": "2026-02-05T12:39:48.439Z",
      "user": "49c98878-572e-4fac-b85f-d8a1c8a5225e",
      "content_type": 11,
      "object_id": "e8ca6d7d-4dfc-4b7d-bdef-480043cc955e",
      "object_repr": "mobildedev",
      "action_flag": 3,
      "change_message": ""
    }
  },
  {
    "model": "admin.logentry",
    "pk": 73,
    "fields": {
      "action_time": "2026-02-05T13:32:05.670Z",
      "user": "49c98878-572e-4fac-b85f-d8a1c8a5225e",
      "content_type": 19,
      "object_id": "69bc8b66-c269-41a2-a5d2-82203ec7a62f",
      "object_repr": "Certificate: HTML",
      "action_flag": 2,
      "change_message": "[{\"changed\": {\"fields\": [\"Title\", \"Description\"]}}]"
    }
  },
  {
    "model": "admin.logentry",
    "pk": 74,
    "fields": {
      "action_time": "2026-02-05T13:32:49.142Z",
      "user": "49c98878-572e-4fac-b85f-d8a1c8a5225e",
      "content_type": 19,
      "object_id": "3c1b9081-f327-4b2a-b40b-644ad530705d",
      "object_repr": "Certificate: JavaScript",
      "action_flag": 2,
      "change_message": "[{\"changed\": {\"fields\": [\"Title\", \"Description\"]}}]"
    }
  },
  {
    "model": "admin.logentry",
    "pk": 75,
    "fields": {
      "action_time": "2026-02-05T13:40:42.148Z",
      "user": "49c98878-572e-4fac-b85f-d8a1c8a5225e",
      "content_type": 19,
      "object_id": "1c99cca8-d1ce-4921-b936-5af34019e64d",
      "object_repr": "Certificate: Python",
      "action_flag": 2,
      "change_message": "[{\"changed\": {\"fields\": [\"Title\"]}}]"
    }
  },
  {
    "model": "admin.logentry",
    "pk": 76,
    "fields": {
      "action_time": "2026-02-05T15:29:00.473Z",
      "user": "49c98878-572e-4fac-b85f-d8a1c8a5225e",
      "content_type": 11,
      "object_id": "8f2ad845-15c3-411c-82ce-1516b574761e",
      "object_repr": "test",
      "action_flag": 3,
      "change_message": ""
    }
  },
  {
    "model": "admin.logentry",
    "pk": 77,
    "fields": {
      "action_time": "2026-02-05T15:31:10.048Z",
      "user": "49c98878-572e-4fac-b85f-d8a1c8a5225e",
      "content_type": 11,
      "object_id": "b2b9faa2-dde0-4d9e-939b-b0958c71e0cc",
      "object_repr": "Frontend",
      "action_flag": 2,
      "change_message": "[{\"changed\": {\"fields\": [\"Icon file\"]}}]"
    }
  },
  {
    "model": "admin.logentry",
    "pk": 78,
    "fields": {
      "action_time": "2026-02-05T15:31:16.069Z",
      "user": "49c98878-572e-4fac-b85f-d8a1c8a5225e",
      "content_type": 11,
      "object_id": "b9cce2aa-5687-4feb-8f3f-6e817fae49a0",
      "object_repr": "Backend",
      "action_flag": 2,
      "change_message": "[{\"changed\": {\"fields\": [\"Icon file\"]}}]"
    }
  },
  {
    "model": "admin.logentry",
    "pk": 79,
    "fields": {
      "action_time": "2026-02-05T15:31:46.314Z",
      "user": "49c98878-572e-4fac-b85f-d8a1c8a5225e",
      "content_type": 11,
      "object_id": "c6e6450e-75cf-4554-bf21-e0735c490fa5",
      "object_repr": "DevOps",
      "action_flag": 2,
      "change_message": "[{\"changed\": {\"fields\": [\"Icon file\"]}}]"
    }
  },
  {
    "model": "admin.logentry",
    "pk": 80,
    "fields": {
      "action_time": "2026-02-05T15:32:21.302Z",
      "user": "49c98878-572e-4fac-b85f-d8a1c8a5225e",
      "content_type": 11,
      "object_id": "b2b9faa2-dde0-4d9e-939b-b0958c71e0cc",
      "object_repr": "Frontend",
      "action_flag": 2,
      "change_message": "[{\"changed\": {\"fields\": [\"Icon file\"]}}]"
    }
  },
  {
    "model": "admin.logentry",
    "pk": 81,
    "fields": {
      "action_time": "2026-02-05T15:33:00.680Z",
      "user": "49c98878-572e-4fac-b85f-d8a1c8a5225e",
      "content_type": 11,
      "object_id": "b9cce2aa-5687-4feb-8f3f-6e817fae49a0",
      "object_repr": "Backend",
      "action_flag": 2,
      "change_message": "[{\"changed\": {\"fields\": [\"Icon file\"]}}]"
    }
  },
  {
    "model": "admin.logentry",
    "pk": 82,
    "fields": {
      "action_time": "2026-02-05T15:33:05.680Z",
      "user": "49c98878-572e-4fac-b85f-d8a1c8a5225e",
      "content_type": 11,
      "object_id": "b9cce2aa-5687-4feb-8f3f-6e817fae49a0",
      "object_repr": "Backend",
      "action_flag": 2,
      "change_message": "[]"
    }
  },
  {
    "model": "admin.logentry",
    "pk": 83,
    "fields": {
      "action_time": "2026-02-05T15:33:39.699Z",
      "user": "49c98878-572e-4fac-b85f-d8a1c8a5225e",
      "content_type": 11,
      "object_id": "c6e6450e-75cf-4554-bf21-e0735c490fa5",
      "object_repr": "DevOps",
      "action_flag": 2,
      "change_message": "[{\"changed\": {\"fields\": [\"Icon file\"]}}]"
    }
  },
  {
    "model": "admin.logentry",
    "pk": 84,
    "fields": {
      "action_time": "2026-02-05T15:34:26.503Z",
      "user": "49c98878-572e-4fac-b85f-d8a1c8a5225e",
      "content_type": 11,
      "object_id": "c6e6450e-75cf-4554-bf21-e0735c490fa5",
      "object_repr": "DevOps",
      "action_flag": 2,
      "change_message": "[{\"changed\": {\"fields\": [\"Icon file\"]}}]"
    }
  },
  {
    "model": "admin.logentry",
    "pk": 85,
    "fields": {
      "action_time": "2026-02-05T15:34:55.235Z",
      "user": "49c98878-572e-4fac-b85f-d8a1c8a5225e",
      "content_type": 11,
      "object_id": "c6e6450e-75cf-4554-bf21-e0735c490fa5",
      "object_repr": "DevOps",
      "action_flag": 2,
      "change_message": "[{\"changed\": {\"fields\": [\"Icon file\"]}}]"
    }
  },
  {
    "model": "admin.logentry",
    "pk": 86,
    "fields": {
      "action_time": "2026-02-05T15:36:51.113Z",
      "user": "49c98878-572e-4fac-b85f-d8a1c8a5225e",
      "content_type": 11,
      "object_id": "b2b9faa2-dde0-4d9e-939b-b0958c71e0cc",
      "object_repr": "Frontend",
      "action_flag": 2,
      "change_message": "[{\"changed\": {\"fields\": [\"Icon file\"]}}]"
    }
  },
  {
    "model": "admin.logentry",
    "pk": 87,
    "fields": {
      "action_time": "2026-02-05T15:37:18.531Z",
      "user": "49c98878-572e-4fac-b85f-d8a1c8a5225e",
      "content_type": 11,
      "object_id": "b9cce2aa-5687-4feb-8f3f-6e817fae49a0",
      "object_repr": "Backend",
      "action_flag": 2,
      "change_message": "[{\"changed\": {\"fields\": [\"Icon file\"]}}]"
    }
  },
  {
    "model": "admin.logentry",
    "pk": 88,
    "fields": {
      "action_time": "2026-02-05T15:37:41.085Z",
      "user": "49c98878-572e-4fac-b85f-d8a1c8a5225e",
      "content_type": 11,
      "object_id": "c6e6450e-75cf-4554-bf21-e0735c490fa5",
      "object_repr": "DevOps",
      "action_flag": 2,
      "change_message": "[{\"changed\": {\"fields\": [\"Icon file\"]}}]"
    }
  },
  {
    "model": "admin.logentry",
    "pk": 89,
    "fields": {
      "action_time": "2026-02-05T16:02:20.838Z",
      "user": "49c98878-572e-4fac-b85f-d8a1c8a5225e",
      "content_type": 11,
      "object_id": "c6e6450e-75cf-4554-bf21-e0735c490fa5",
      "object_repr": "DevOps",
      "action_flag": 2,
      "change_message": "[{\"changed\": {\"fields\": [\"Icon file\"]}}]"
    }
  },
  {
    "model": "admin.logentry",
    "pk": 90,
    "fields": {
      "action_time": "2026-02-05T16:02:50.630Z",
      "user": "49c98878-572e-4fac-b85f-d8a1c8a5225e",
      "content_type": 11,
      "object_id": "b2b9faa2-dde0-4d9e-939b-b0958c71e0cc",
      "object_repr": "Frontend",
      "action_flag": 2,
      "change_message": "[{\"changed\": {\"fields\": [\"Icon file\"]}}]"
    }
  },
  {
    "model": "admin.logentry",
    "pk": 91,
    "fields": {
      "action_time": "2026-02-05T16:03:06.516Z",
      "user": "49c98878-572e-4fac-b85f-d8a1c8a5225e",
      "content_type": 11,
      "object_id": "b9cce2aa-5687-4feb-8f3f-6e817fae49a0",
      "object_repr": "Backend",
      "action_flag": 2,
      "change_message": "[{\"changed\": {\"fields\": [\"Icon file\"]}}]"
    }
  },
  {
    "model": "admin.logentry",
    "pk": 92,
    "fields": {
      "action_time": "2026-02-05T16:34:08.274Z",
      "user": "49c98878-572e-4fac-b85f-d8a1c8a5225e",
      "content_type": 10,
      "object_id": "39a57df8-1fde-478d-9548-7701b4ad8289",
      "object_repr": "testuser@codelogic.com",
      "action_flag": 2,
      "change_message": "[{\"changed\": {\"fields\": [\"Display name\", \"Xp\", \"Level\", \"Current streak\"]}}]"
    }
  },
  {
    "model": "token_blacklist.outstandingtoken",
    "pk": 1,
    "fields": {
      "user": "c73fbdaa-ec87-48e3-96eb-a4b5c4e213f2",
      "jti": "bd47d0cdeac24e8cb32f61bc63164dd8",
      "token": "eyJhbGciOiJIUzI1NiIsInR5cCI6IkpXVCJ9.eyJ0b2tlbl90eXBlIjoicmVmcmVzaCIsImV4cCI6MTc3MDIwMDUyMCwiaWF0IjoxNzY5NTk1NzIwLCJqdGkiOiJiZDQ3ZDBjZGVhYzI0ZThjYjMyZjYxYmM2MzE2NGRkOCIsInVzZXJfaWQiOiJjNzNmYmRhYS1lYzg3LTQ4ZTMtOTZlYi1hNGI1YzRlMjEzZjIifQ.H7JTKK7Eg9HHk4GNuF9untr4EaHzHLgebOXucfAywME",
      "created_at": "2026-01-28T10:22:00.617Z",
      "expires_at": "2026-02-04T10:22:00Z"
    }
  },
  {
    "model": "token_blacklist.outstandingtoken",
    "pk": 2,
    "fields": {
      "user": "c73fbdaa-ec87-48e3-96eb-a4b5c4e213f2",
      "jti": "2b0d06cd73394a1c90ec6460c9728e36",
      "token": "eyJhbGciOiJIUzI1NiIsInR5cCI6IkpXVCJ9.eyJ0b2tlbl90eXBlIjoicmVmcmVzaCIsImV4cCI6MTc3MDIwMDk1MiwiaWF0IjoxNzY5NTk2MTUyLCJqdGkiOiIyYjBkMDZjZDczMzk0YTFjOTBlYzY0NjBjOTcyOGUzNiIsInVzZXJfaWQiOiJjNzNmYmRhYS1lYzg3LTQ4ZTMtOTZlYi1hNGI1YzRlMjEzZjIifQ.MyMpy5CMfa1tHHZiyaRfHTf0UWMcpki0DkuOfIYrk1Q",
      "created_at": "2026-01-28T10:29:12.939Z",
      "expires_at": "2026-02-04T10:29:12Z"
    }
  },
  {
    "model": "token_blacklist.outstandingtoken",
    "pk": 3,
    "fields": {
      "user": "c73fbdaa-ec87-48e3-96eb-a4b5c4e213f2",
      "jti": "7e04d8ebb11a408fb97560a917adeb53",
      "token": "eyJhbGciOiJIUzI1NiIsInR5cCI6IkpXVCJ9.eyJ0b2tlbl90eXBlIjoicmVmcmVzaCIsImV4cCI6MTc3MDIwNTg2MCwiaWF0IjoxNzY5NjAxMDYwLCJqdGkiOiI3ZTA0ZDhlYmIxMWE0MDhmYjk3NTYwYTkxN2FkZWI1MyIsInVzZXJfaWQiOiJjNzNmYmRhYS1lYzg3LTQ4ZTMtOTZlYi1hNGI1YzRlMjEzZjIifQ.KtJ3-q0xyfTFDrq-9PntTmzOZMsFm8yAELM5SPFGxlM",
      "created_at": "2026-01-28T11:51:00.060Z",
      "expires_at": "2026-02-04T11:51:00Z"
    }
  },
  {
    "model": "token_blacklist.outstandingtoken",
    "pk": 4,
    "fields": {
      "user": "c73fbdaa-ec87-48e3-96eb-a4b5c4e213f2",
      "jti": "412fb45118fb47fbab251f89c53607b8",
      "token": "eyJhbGciOiJIUzI1NiIsInR5cCI6IkpXVCJ9.eyJ0b2tlbl90eXBlIjoicmVmcmVzaCIsImV4cCI6MTc3MDIwNTg2MCwiaWF0IjoxNzY5NjAxMDYwLCJqdGkiOiI0MTJmYjQ1MTE4ZmI0N2ZiYWIyNTFmODljNTM2MDdiOCIsInVzZXJfaWQiOiJjNzNmYmRhYS1lYzg3LTQ4ZTMtOTZlYi1hNGI1YzRlMjEzZjIifQ.PXzq-tMGGG6dMt-MJPUMOy4tdkCu79IEag20FlPMXyQ",
      "created_at": "2026-01-28T11:51:00.059Z",
      "expires_at": "2026-02-04T11:51:00Z"
    }
  },
  {
    "model": "token_blacklist.outstandingtoken",
    "pk": 5,
    "fields": {
      "user": "c73fbdaa-ec87-48e3-96eb-a4b5c4e213f2",
      "jti": "e4c6401b18024312b9a9c053e745fec5",
      "token": "eyJhbGciOiJIUzI1NiIsInR5cCI6IkpXVCJ9.eyJ0b2tlbl90eXBlIjoicmVmcmVzaCIsImV4cCI6MTc3MDIwNTk3MiwiaWF0IjoxNzY5NjAxMTcyLCJqdGkiOiJlNGM2NDAxYjE4MDI0MzEyYjlhOWMwNTNlNzQ1ZmVjNSIsInVzZXJfaWQiOiJjNzNmYmRhYS1lYzg3LTQ4ZTMtOTZlYi1hNGI1YzRlMjEzZjIifQ.qmOY0n2fU87OFYFxFfhHpioVA9mUlgHhXmABP3RDjw0",
      "created_at": "2026-01-28T11:52:52.348Z",
      "expires_at": "2026-02-04T11:52:52Z"
    }
  },
  {
    "model": "token_blacklist.outstandingtoken",
    "pk": 6,
    "fields": {
      "user": "aa559a15-ef77-407c-bee0-59a7f4042f88",
      "jti": "e366aaa8237a49beb7ab78fa2e4582dc",
      "token": "eyJhbGciOiJIUzI1NiIsInR5cCI6IkpXVCJ9.eyJ0b2tlbl90eXBlIjoicmVmcmVzaCIsImV4cCI6MTc3MDIwNjg2MiwiaWF0IjoxNzY5NjAyMDYyLCJqdGkiOiJlMzY2YWFhODIzN2E0OWJlYjdhYjc4ZmEyZTQ1ODJkYyIsInVzZXJfaWQiOiJhYTU1OWExNS1lZjc3LTQwN2MtYmVlMC01OWE3ZjQwNDJmODgifQ.DPEPANo_OgFklpr3WMatgJc_byKKtcSAzQdfCUNpzbA",
      "created_at": "2026-01-28T12:07:42.027Z",
      "expires_at": "2026-02-04T12:07:42Z"
    }
  },
  {
    "model": "token_blacklist.outstandingtoken",
    "pk": 7,
    "fields": {
      "user": "aa559a15-ef77-407c-bee0-59a7f4042f88",
      "jti": "cdd1cd64ae93444db7fdc6108539eb50",
      "token": "eyJhbGciOiJIUzI1NiIsInR5cCI6IkpXVCJ9.eyJ0b2tlbl90eXBlIjoicmVmcmVzaCIsImV4cCI6MTc3MDIxNDQwMywiaWF0IjoxNzY5NjA5NjAzLCJqdGkiOiJjZGQxY2Q2NGFlOTM0NDRkYjdmZGM2MTA4NTM5ZWI1MCIsInVzZXJfaWQiOiJhYTU1OWExNS1lZjc3LTQwN2MtYmVlMC01OWE3ZjQwNDJmODgifQ.qiANK9pBjJUsFFaCvNiRSU2dhuj4-7ev4NAH7TsmiSk",
      "created_at": "2026-01-28T14:13:23.190Z",
      "expires_at": "2026-02-04T14:13:23Z"
    }
  },
  {
    "model": "token_blacklist.outstandingtoken",
    "pk": 8,
    "fields": {
      "user": "aa559a15-ef77-407c-bee0-59a7f4042f88",
      "jti": "765f035cfc6a43179afc5e60bcd29d83",
      "token": "eyJhbGciOiJIUzI1NiIsInR5cCI6IkpXVCJ9.eyJ0b2tlbl90eXBlIjoicmVmcmVzaCIsImV4cCI6MTc3MDIxNzIwNSwiaWF0IjoxNzY5NjEyNDA1LCJqdGkiOiI3NjVmMDM1Y2ZjNmE0MzE3OWFmYzVlNjBiY2QyOWQ4MyIsInVzZXJfaWQiOiJhYTU1OWExNS1lZjc3LTQwN2MtYmVlMC01OWE3ZjQwNDJmODgifQ.lLYbdyVkKUqEaSWoQ964oeWgS7EXpMmYcodHlQiQK8g",
      "created_at": "2026-01-28T15:00:05.457Z",
      "expires_at": "2026-02-04T15:00:05Z"
    }
  },
  {
    "model": "token_blacklist.outstandingtoken",
    "pk": 9,
    "fields": {
      "user": "aa559a15-ef77-407c-bee0-59a7f4042f88",
      "jti": "0fbea08739f04f3d8787aee1f3078214",
      "token": "eyJhbGciOiJIUzI1NiIsInR5cCI6IkpXVCJ9.eyJ0b2tlbl90eXBlIjoicmVmcmVzaCIsImV4cCI6MTc3MDQzNTMzMywiaWF0IjoxNzY5ODMwNTMzLCJqdGkiOiIwZmJlYTA4NzM5ZjA0ZjNkODc4N2FlZTFmMzA3ODIxNCIsInVzZXJfaWQiOiJhYTU1OWExNS1lZjc3LTQwN2MtYmVlMC01OWE3ZjQwNDJmODgifQ.m2aTf0Hy72W2s2_6HBoLqyvonyavzhow2eM1jvlwcx4",
      "created_at": "2026-01-31T03:35:33.251Z",
      "expires_at": "2026-02-07T03:35:33Z"
    }
  },
  {
    "model": "token_blacklist.outstandingtoken",
    "pk": 10,
    "fields": {
      "user": "aa559a15-ef77-407c-bee0-59a7f4042f88",
      "jti": "23133c54a7d640de8cbd11ea8bca82fa",
      "token": "eyJhbGciOiJIUzI1NiIsInR5cCI6IkpXVCJ9.eyJ0b2tlbl90eXBlIjoicmVmcmVzaCIsImV4cCI6MTc3MDQzODk2MSwiaWF0IjoxNzY5ODM0MTYxLCJqdGkiOiIyMzEzM2M1NGE3ZDY0MGRlOGNiZDExZWE4YmNhODJmYSIsInVzZXJfaWQiOiJhYTU1OWExNS1lZjc3LTQwN2MtYmVlMC01OWE3ZjQwNDJmODgifQ.K7zRJbGS1LC-LVajWMtoKA-djysRIyQI8SrV62GRP8Y",
      "created_at": "2026-01-31T04:36:01.359Z",
      "expires_at": "2026-02-07T04:36:01Z"
    }
  },
  {
    "model": "token_blacklist.outstandingtoken",
    "pk": 11,
    "fields": {
      "user": "c73fbdaa-ec87-48e3-96eb-a4b5c4e213f2",
      "jti": "d9d97e6e6be9482f8d12d2efd4249788",
      "token": "eyJhbGciOiJIUzI1NiIsInR5cCI6IkpXVCJ9.eyJ0b2tlbl90eXBlIjoicmVmcmVzaCIsImV4cCI6MTc3MDQzOTExNSwiaWF0IjoxNzY5ODM0MzE1LCJqdGkiOiJkOWQ5N2U2ZTZiZTk0ODJmOGQxMmQyZWZkNDI0OTc4OCIsInVzZXJfaWQiOiJjNzNmYmRhYS1lYzg3LTQ4ZTMtOTZlYi1hNGI1YzRlMjEzZjIifQ.nTln6yzCECTsdT9ILnTYJvK_Gga77oB7eJLjoTERm7M",
      "created_at": "2026-01-31T04:38:35.554Z",
      "expires_at": "2026-02-07T04:38:35Z"
    }
  },
  {
    "model": "token_blacklist.outstandingtoken",
    "pk": 12,
    "fields": {
      "user": "aa559a15-ef77-407c-bee0-59a7f4042f88",
      "jti": "f01bea8bfd564f33a64e48ae89d10f2a",
      "token": "eyJhbGciOiJIUzI1NiIsInR5cCI6IkpXVCJ9.eyJ0b2tlbl90eXBlIjoicmVmcmVzaCIsImV4cCI6MTc3MDQzOTIyOCwiaWF0IjoxNzY5ODM0NDI4LCJqdGkiOiJmMDFiZWE4YmZkNTY0ZjMzYTY0ZTQ4YWU4OWQxMGYyYSIsInVzZXJfaWQiOiJhYTU1OWExNS1lZjc3LTQwN2MtYmVlMC01OWE3ZjQwNDJmODgifQ.E-hVrdpg2QXtWcvZjcr2DU1JbXx2pPnGtyZEjlbAwfU",
      "created_at": "2026-01-31T04:40:28.791Z",
      "expires_at": "2026-02-07T04:40:28Z"
    }
  },
  {
    "model": "token_blacklist.outstandingtoken",
    "pk": 13,
    "fields": {
      "user": "c73fbdaa-ec87-48e3-96eb-a4b5c4e213f2",
      "jti": "9e7f08d90def4b89b867d37016465cea",
      "token": "eyJhbGciOiJIUzI1NiIsInR5cCI6IkpXVCJ9.eyJ0b2tlbl90eXBlIjoicmVmcmVzaCIsImV4cCI6MTc3MDQzOTMxNCwiaWF0IjoxNzY5ODM0NTE0LCJqdGkiOiI5ZTdmMDhkOTBkZWY0Yjg5Yjg2N2QzNzAxNjQ2NWNlYSIsInVzZXJfaWQiOiJjNzNmYmRhYS1lYzg3LTQ4ZTMtOTZlYi1hNGI1YzRlMjEzZjIifQ.o1e3p93310udt8-F6rKgH3jW_5q9l4tmbW4JkXxi5sQ",
      "created_at": "2026-01-31T04:41:54.166Z",
      "expires_at": "2026-02-07T04:41:54Z"
    }
  },
  {
    "model": "token_blacklist.outstandingtoken",
    "pk": 14,
    "fields": {
      "user": "c73fbdaa-ec87-48e3-96eb-a4b5c4e213f2",
      "jti": "b2a555e82613496f8fb2fb98055e0832",
      "token": "eyJhbGciOiJIUzI1NiIsInR5cCI6IkpXVCJ9.eyJ0b2tlbl90eXBlIjoicmVmcmVzaCIsImV4cCI6MTc3MDQ0MzIwMywiaWF0IjoxNzY5ODM4NDAzLCJqdGkiOiJiMmE1NTVlODI2MTM0OTZmOGZiMmZiOTgwNTVlMDgzMiIsInVzZXJfaWQiOiJjNzNmYmRhYS1lYzg3LTQ4ZTMtOTZlYi1hNGI1YzRlMjEzZjIifQ.4G1JBFg5zgIwGB__TFIOfz3jiKkwV5TLHzAu72top3w",
      "created_at": "2026-01-31T05:46:43.900Z",
      "expires_at": "2026-02-07T05:46:43Z"
    }
  },
  {
    "model": "token_blacklist.outstandingtoken",
    "pk": 15,
    "fields": {
      "user": "aa559a15-ef77-407c-bee0-59a7f4042f88",
      "jti": "0cb0f89281a04b138da198b98ed98db8",
      "token": "eyJhbGciOiJIUzI1NiIsInR5cCI6IkpXVCJ9.eyJ0b2tlbl90eXBlIjoicmVmcmVzaCIsImV4cCI6MTc3MDQ0ODAwNSwiaWF0IjoxNzY5ODQzMjA1LCJqdGkiOiIwY2IwZjg5MjgxYTA0YjEzOGRhMTk4Yjk4ZWQ5OGRiOCIsInVzZXJfaWQiOiJhYTU1OWExNS1lZjc3LTQwN2MtYmVlMC01OWE3ZjQwNDJmODgifQ.gQXquJ3W-O5iZUBRqed7wjysKHjapTgo6QvAYA_y_Sg",
      "created_at": "2026-01-31T07:06:45.680Z",
      "expires_at": "2026-02-07T07:06:45Z"
    }
  },
  {
    "model": "token_blacklist.outstandingtoken",
    "pk": 16,
    "fields": {
      "user": "aa559a15-ef77-407c-bee0-59a7f4042f88",
      "jti": "5bea15a17d134b5fa2742ef9ccf3ffed",
      "token": "eyJhbGciOiJIUzI1NiIsInR5cCI6IkpXVCJ9.eyJ0b2tlbl90eXBlIjoicmVmcmVzaCIsImV4cCI6MTc3MDQ2MzY5NywiaWF0IjoxNzY5ODU4ODk3LCJqdGkiOiI1YmVhMTVhMTdkMTM0YjVmYTI3NDJlZjljY2YzZmZlZCIsInVzZXJfaWQiOiJhYTU1OWExNS1lZjc3LTQwN2MtYmVlMC01OWE3ZjQwNDJmODgifQ.FbGZTDxiYXd5AQKc23HJSt_tO9GaST_0l4yHM_oQL5E",
      "created_at": "2026-01-31T11:28:17.091Z",
      "expires_at": "2026-02-07T11:28:17Z"
    }
  },
  {
    "model": "token_blacklist.outstandingtoken",
    "pk": 17,
    "fields": {
      "user": "aa559a15-ef77-407c-bee0-59a7f4042f88",
      "jti": "56285c27277543cba3519f9acc2a16d7",
      "token": "eyJhbGciOiJIUzI1NiIsInR5cCI6IkpXVCJ9.eyJ0b2tlbl90eXBlIjoicmVmcmVzaCIsImV4cCI6MTc3MDUxMjgxMiwiaWF0IjoxNzY5OTA4MDEyLCJqdGkiOiI1NjI4NWMyNzI3NzU0M2NiYTM1MTlmOWFjYzJhMTZkNyIsInVzZXJfaWQiOiJhYTU1OWExNS1lZjc3LTQwN2MtYmVlMC01OWE3ZjQwNDJmODgifQ.D6qulUFauzWyeYBAQ0e11JepBYA6W0Ywrbai1eoabt4",
      "created_at": "2026-02-01T01:06:52.592Z",
      "expires_at": "2026-02-08T01:06:52Z"
    }
  },
  {
    "model": "token_blacklist.outstandingtoken",
    "pk": 18,
    "fields": {
      "user": "aa559a15-ef77-407c-bee0-59a7f4042f88",
      "jti": "722d496887c94c359c3196a0986b37d2",
      "token": "eyJhbGciOiJIUzI1NiIsInR5cCI6IkpXVCJ9.eyJ0b2tlbl90eXBlIjoicmVmcmVzaCIsImV4cCI6MTc3MDUxNzk0NywiaWF0IjoxNzY5OTEzMTQ3LCJqdGkiOiI3MjJkNDk2ODg3Yzk0YzM1OWMzMTk2YTA5ODZiMzdkMiIsInVzZXJfaWQiOiJhYTU1OWExNS1lZjc3LTQwN2MtYmVlMC01OWE3ZjQwNDJmODgifQ.tRQwaBcVficbrKKwQV5gJ-emTQ0QARj-oU20hjQYsMk",
      "created_at": "2026-02-01T02:32:27.438Z",
      "expires_at": "2026-02-08T02:32:27Z"
    }
  },
  {
    "model": "token_blacklist.outstandingtoken",
    "pk": 19,
    "fields": {
      "user": "c73fbdaa-ec87-48e3-96eb-a4b5c4e213f2",
      "jti": "01955c8a78254900b13f04341efc51f9",
      "token": "eyJhbGciOiJIUzI1NiIsInR5cCI6IkpXVCJ9.eyJ0b2tlbl90eXBlIjoicmVmcmVzaCIsImV4cCI6MTc3MDUyMjIyNiwiaWF0IjoxNzY5OTE3NDI2LCJqdGkiOiIwMTk1NWM4YTc4MjU0OTAwYjEzZjA0MzQxZWZjNTFmOSIsInVzZXJfaWQiOiJjNzNmYmRhYS1lYzg3LTQ4ZTMtOTZlYi1hNGI1YzRlMjEzZjIifQ._cKvQ6XeyW0RGi827hwCp_oyWYJf43pCFLHgC453gFg",
      "created_at": "2026-02-01T03:43:46.231Z",
      "expires_at": "2026-02-08T03:43:46Z"
    }
  },
  {
    "model": "token_blacklist.outstandingtoken",
    "pk": 20,
    "fields": {
      "user": "c73fbdaa-ec87-48e3-96eb-a4b5c4e213f2",
      "jti": "3b0686baa9f045cf94c915dc475035a1",
      "token": "eyJhbGciOiJIUzI1NiIsInR5cCI6IkpXVCJ9.eyJ0b2tlbl90eXBlIjoicmVmcmVzaCIsImV4cCI6MTc3MDUyNTgzMSwiaWF0IjoxNzY5OTIxMDMxLCJqdGkiOiIzYjA2ODZiYWE5ZjA0NWNmOTRjOTE1ZGM0NzUwMzVhMSIsInVzZXJfaWQiOiJjNzNmYmRhYS1lYzg3LTQ4ZTMtOTZlYi1hNGI1YzRlMjEzZjIifQ.Q5DuFwO4S7DuyhYtSoiCeFR24_CI0N5KSPxJuvKWWeE",
      "created_at": "2026-02-01T04:43:51.957Z",
      "expires_at": "2026-02-08T04:43:51Z"
    }
  },
  {
    "model": "token_blacklist.outstandingtoken",
    "pk": 21,
    "fields": {
      "user": "c73fbdaa-ec87-48e3-96eb-a4b5c4e213f2",
      "jti": "9000278746b74ce7bcb704cf7c983ed9",
      "token": "eyJhbGciOiJIUzI1NiIsInR5cCI6IkpXVCJ9.eyJ0b2tlbl90eXBlIjoicmVmcmVzaCIsImV4cCI6MTc3MDUzMjIxNSwiaWF0IjoxNzY5OTI3NDE1LCJqdGkiOiI5MDAwMjc4NzQ2Yjc0Y2U3YmNiNzA0Y2Y3Yzk4M2VkOSIsInVzZXJfaWQiOiJjNzNmYmRhYS1lYzg3LTQ4ZTMtOTZlYi1hNGI1YzRlMjEzZjIifQ.CN6hF43zHgg4qM5brtAbqsdO0luE5Rbejo1OBsLR-4A",
      "created_at": "2026-02-01T06:30:15.859Z",
      "expires_at": "2026-02-08T06:30:15Z"
    }
  },
  {
    "model": "token_blacklist.outstandingtoken",
    "pk": 22,
    "fields": {
      "user": "c73fbdaa-ec87-48e3-96eb-a4b5c4e213f2",
      "jti": "91b221787f7743fc9e190c83f1ac68bf",
      "token": "eyJhbGciOiJIUzI1NiIsInR5cCI6IkpXVCJ9.eyJ0b2tlbl90eXBlIjoicmVmcmVzaCIsImV4cCI6MTc3MDUzNTgzNiwiaWF0IjoxNzY5OTMxMDM2LCJqdGkiOiI5MWIyMjE3ODdmNzc0M2ZjOWUxOTBjODNmMWFjNjhiZiIsInVzZXJfaWQiOiJjNzNmYmRhYS1lYzg3LTQ4ZTMtOTZlYi1hNGI1YzRlMjEzZjIifQ.o5zZeg_j5SWHgmm_6GVzg3ihq_RC-c2hj_ekQZKd_L8",
      "created_at": "2026-02-01T07:30:36.486Z",
      "expires_at": "2026-02-08T07:30:36Z"
    }
  },
  {
    "model": "token_blacklist.outstandingtoken",
    "pk": 23,
    "fields": {
      "user": "c73fbdaa-ec87-48e3-96eb-a4b5c4e213f2",
      "jti": "361ce3fdbb0c4565890417739e929853",
      "token": "eyJhbGciOiJIUzI1NiIsInR5cCI6IkpXVCJ9.eyJ0b2tlbl90eXBlIjoicmVmcmVzaCIsImV4cCI6MTc3MDUzNTg0MCwiaWF0IjoxNzY5OTMxMDQwLCJqdGkiOiIzNjFjZTNmZGJiMGM0NTY1ODkwNDE3NzM5ZTkyOTg1MyIsInVzZXJfaWQiOiJjNzNmYmRhYS1lYzg3LTQ4ZTMtOTZlYi1hNGI1YzRlMjEzZjIifQ.UK3Dj28lZ9rrC0vo3ofB0SbeUBTejurDVUcaZvZPPHM",
      "created_at": "2026-02-01T07:30:40.597Z",
      "expires_at": "2026-02-08T07:30:40Z"
    }
  },
  {
    "model": "token_blacklist.outstandingtoken",
    "pk": 24,
    "fields": {
      "user": "aa559a15-ef77-407c-bee0-59a7f4042f88",
      "jti": "0c4da18f044443fcab717386dbe10f7d",
      "token": "eyJhbGciOiJIUzI1NiIsInR5cCI6IkpXVCJ9.eyJ0b2tlbl90eXBlIjoicmVmcmVzaCIsImV4cCI6MTc3MDUzODM5MywiaWF0IjoxNzY5OTMzNTkzLCJqdGkiOiIwYzRkYTE4ZjA0NDQ0M2ZjYWI3MTczODZkYmUxMGY3ZCIsInVzZXJfaWQiOiJhYTU1OWExNS1lZjc3LTQwN2MtYmVlMC01OWE3ZjQwNDJmODgifQ.S7anxXH5MNZ1p27-5_vAak3j0AZVpojVNxPV1jzQCNA",
      "created_at": "2026-02-01T08:13:13.584Z",
      "expires_at": "2026-02-08T08:13:13Z"
    }
  },
  {
    "model": "token_blacklist.outstandingtoken",
    "pk": 25,
    "fields": {
      "user": "aa559a15-ef77-407c-bee0-59a7f4042f88",
      "jti": "fe36153977384c6d957dc17264ecb2c3",
      "token": "eyJhbGciOiJIUzI1NiIsInR5cCI6IkpXVCJ9.eyJ0b2tlbl90eXBlIjoicmVmcmVzaCIsImV4cCI6MTc3MDUzODc1MiwiaWF0IjoxNzY5OTMzOTUyLCJqdGkiOiJmZTM2MTUzOTc3Mzg0YzZkOTU3ZGMxNzI2NGVjYjJjMyIsInVzZXJfaWQiOiJhYTU1OWExNS1lZjc3LTQwN2MtYmVlMC01OWE3ZjQwNDJmODgifQ.-guu_v9jha_G6vrJb7lsYezKy6EsKzsdXX2hNdOHtB0",
      "created_at": "2026-02-01T08:19:12.494Z",
      "expires_at": "2026-02-08T08:19:12Z"
    }
  },
  {
    "model": "token_blacklist.outstandingtoken",
    "pk": 26,
    "fields": {
      "user": "aa559a15-ef77-407c-bee0-59a7f4042f88",
      "jti": "3826a7777d0f46ccbbae0b3154fdc867",
      "token": "eyJhbGciOiJIUzI1NiIsInR5cCI6IkpXVCJ9.eyJ0b2tlbl90eXBlIjoicmVmcmVzaCIsImV4cCI6MTc3MDUzOTI4OCwiaWF0IjoxNzY5OTM0NDg4LCJqdGkiOiIzODI2YTc3NzdkMGY0NmNjYmJhZTBiMzE1NGZkYzg2NyIsInVzZXJfaWQiOiJhYTU1OWExNS1lZjc3LTQwN2MtYmVlMC01OWE3ZjQwNDJmODgifQ.d6tGzrZ_S5J1nHj2qB-IYGyJoqjemBHNZ5giOkor5Zk",
      "created_at": "2026-02-01T08:28:08.990Z",
      "expires_at": "2026-02-08T08:28:08Z"
    }
  },
  {
    "model": "token_blacklist.outstandingtoken",
    "pk": 27,
    "fields": {
      "user": "aa559a15-ef77-407c-bee0-59a7f4042f88",
      "jti": "fb3af2f0d36b42adb269ebf4301d0c3e",
      "token": "eyJhbGciOiJIUzI1NiIsInR5cCI6IkpXVCJ9.eyJ0b2tlbl90eXBlIjoicmVmcmVzaCIsImV4cCI6MTc3MDU0MjM3NiwiaWF0IjoxNzY5OTM3NTc2LCJqdGkiOiJmYjNhZjJmMGQzNmI0MmFkYjI2OWViZjQzMDFkMGMzZSIsInVzZXJfaWQiOiJhYTU1OWExNS1lZjc3LTQwN2MtYmVlMC01OWE3ZjQwNDJmODgifQ.SBb7UTNRdb09NkxD4PLWAwOoP2Esn8snoqDv7CxOD7s",
      "created_at": "2026-02-01T09:19:36.625Z",
      "expires_at": "2026-02-08T09:19:36Z"
    }
  },
  {
    "model": "token_blacklist.outstandingtoken",
    "pk": 28,
    "fields": {
      "user": "aa559a15-ef77-407c-bee0-59a7f4042f88",
      "jti": "59e3b010292e4c9583be3986767ec6ac",
      "token": "eyJhbGciOiJIUzI1NiIsInR5cCI6IkpXVCJ9.eyJ0b2tlbl90eXBlIjoicmVmcmVzaCIsImV4cCI6MTc3MDU0MjM3NiwiaWF0IjoxNzY5OTM3NTc2LCJqdGkiOiI1OWUzYjAxMDI5MmU0Yzk1ODNiZTM5ODY3NjdlYzZhYyIsInVzZXJfaWQiOiJhYTU1OWExNS1lZjc3LTQwN2MtYmVlMC01OWE3ZjQwNDJmODgifQ.njwn4AaaSmwRYzCa9qvNm346ZR6eaE9KhmP94cIYAhY",
      "created_at": "2026-02-01T09:19:36.623Z",
      "expires_at": "2026-02-08T09:19:36Z"
    }
  },
  {
    "model": "token_blacklist.outstandingtoken",
    "pk": 29,
    "fields": {
      "user": "aa559a15-ef77-407c-bee0-59a7f4042f88",
      "jti": "8b4c49f9d7684403878375d928d0db29",
      "token": "eyJhbGciOiJIUzI1NiIsInR5cCI6IkpXVCJ9.eyJ0b2tlbl90eXBlIjoicmVmcmVzaCIsImV4cCI6MTc3MDU0NTk4NiwiaWF0IjoxNzY5OTQxMTg2LCJqdGkiOiI4YjRjNDlmOWQ3Njg0NDAzODc4Mzc1ZDkyOGQwZGIyOSIsInVzZXJfaWQiOiJhYTU1OWExNS1lZjc3LTQwN2MtYmVlMC01OWE3ZjQwNDJmODgifQ.mA0oHKXy9nzZh6SpIUWN_PuIt0uuvmhFTzI49Ty7Q2w",
      "created_at": "2026-02-01T10:19:46.360Z",
      "expires_at": "2026-02-08T10:19:46Z"
    }
  },
  {
    "model": "token_blacklist.outstandingtoken",
    "pk": 30,
    "fields": {
      "user": "39a57df8-1fde-478d-9548-7701b4ad8289",
      "jti": "428b75e956c947fbb4d1296786ee3587",
      "token": "eyJhbGciOiJIUzI1NiIsInR5cCI6IkpXVCJ9.eyJ0b2tlbl90eXBlIjoicmVmcmVzaCIsImV4cCI6MTc3MDU0ODk2MiwiaWF0IjoxNzY5OTQ0MTYyLCJqdGkiOiI0MjhiNzVlOTU2Yzk0N2ZiYjRkMTI5Njc4NmVlMzU4NyIsInVzZXJfaWQiOiIzOWE1N2RmOC0xZmRlLTQ3OGQtOTU0OC03NzAxYjRhZDgyODkifQ.7GWSh0iJW3Q3FkEwu50dPJ7nlF1GMr91kHtl9B51GZY",
      "created_at": "2026-02-01T11:09:22.943Z",
      "expires_at": "2026-02-08T11:09:22Z"
    }
  },
  {
    "model": "token_blacklist.outstandingtoken",
    "pk": 31,
    "fields": {
      "user": "aa559a15-ef77-407c-bee0-59a7f4042f88",
      "jti": "b3d2cfead5584934ab5e0ca31435beaa",
      "token": "eyJhbGciOiJIUzI1NiIsInR5cCI6IkpXVCJ9.eyJ0b2tlbl90eXBlIjoicmVmcmVzaCIsImV4cCI6MTc3MDU1MDY4MSwiaWF0IjoxNzY5OTQ1ODgxLCJqdGkiOiJiM2QyY2ZlYWQ1NTg0OTM0YWI1ZTBjYTMxNDM1YmVhYSIsInVzZXJfaWQiOiJhYTU1OWExNS1lZjc3LTQwN2MtYmVlMC01OWE3ZjQwNDJmODgifQ.tPv_DVJl1qkM0Xht2UI1qV9Bg17WGkmGt0LnogVt2PM",
      "created_at": "2026-02-01T11:38:01.825Z",
      "expires_at": "2026-02-08T11:38:01Z"
    }
  },
  {
    "model": "token_blacklist.outstandingtoken",
    "pk": 32,
    "fields": {
      "user": "39a57df8-1fde-478d-9548-7701b4ad8289",
      "jti": "2f8cb6d02bc9483eb0ea09ab9a91d278",
      "token": "eyJhbGciOiJIUzI1NiIsInR5cCI6IkpXVCJ9.eyJ0b2tlbl90eXBlIjoicmVmcmVzaCIsImV4cCI6MTc3MDU1MDk4NiwiaWF0IjoxNzY5OTQ2MTg2LCJqdGkiOiIyZjhjYjZkMDJiYzk0ODNlYjBlYTA5YWI5YTkxZDI3OCIsInVzZXJfaWQiOiIzOWE1N2RmOC0xZmRlLTQ3OGQtOTU0OC03NzAxYjRhZDgyODkifQ.f3DqBOJ17HjebMlHXB3UU47uUpIfN7uME1Was4x6DXY",
      "created_at": "2026-02-01T11:43:06.416Z",
      "expires_at": "2026-02-08T11:43:06Z"
    }
  },
  {
    "model": "token_blacklist.outstandingtoken",
    "pk": 33,
    "fields": {
      "user": "c73fbdaa-ec87-48e3-96eb-a4b5c4e213f2",
      "jti": "68482891e09a47ada180a9c01b0096a4",
      "token": "eyJhbGciOiJIUzI1NiIsInR5cCI6IkpXVCJ9.eyJ0b2tlbl90eXBlIjoicmVmcmVzaCIsImV4cCI6MTc3MDU1MTUwMiwiaWF0IjoxNzY5OTQ2NzAyLCJqdGkiOiI2ODQ4Mjg5MWUwOWE0N2FkYTE4MGE5YzAxYjAwOTZhNCIsInVzZXJfaWQiOiJjNzNmYmRhYS1lYzg3LTQ4ZTMtOTZlYi1hNGI1YzRlMjEzZjIifQ.UOR2FIgoI8Hjqe2uWsWiawu-IPIoMVjCsmQIfMdlxv4",
      "created_at": "2026-02-01T11:51:42.819Z",
      "expires_at": "2026-02-08T11:51:42Z"
    }
  },
  {
    "model": "token_blacklist.outstandingtoken",
    "pk": 34,
    "fields": {
      "user": "aa559a15-ef77-407c-bee0-59a7f4042f88",
      "jti": "6a880b330f474283a307c95f9498c0aa",
      "token": "eyJhbGciOiJIUzI1NiIsInR5cCI6IkpXVCJ9.eyJ0b2tlbl90eXBlIjoicmVmcmVzaCIsImV4cCI6MTc3MDU1MTcxMiwiaWF0IjoxNzY5OTQ2OTEyLCJqdGkiOiI2YTg4MGIzMzBmNDc0MjgzYTMwN2M5NWY5NDk4YzBhYSIsInVzZXJfaWQiOiJhYTU1OWExNS1lZjc3LTQwN2MtYmVlMC01OWE3ZjQwNDJmODgifQ.w_gu85qDjm5NxAt-yV30PKz8XU0EawyGRCScutqeAsA",
      "created_at": "2026-02-01T11:55:12.615Z",
      "expires_at": "2026-02-08T11:55:12Z"
    }
  },
  {
    "model": "token_blacklist.outstandingtoken",
    "pk": 35,
    "fields": {
      "user": "aa559a15-ef77-407c-bee0-59a7f4042f88",
      "jti": "462a9ef8946847ecbd5229cec56d0b3d",
      "token": "eyJhbGciOiJIUzI1NiIsInR5cCI6IkpXVCJ9.eyJ0b2tlbl90eXBlIjoicmVmcmVzaCIsImV4cCI6MTc3MDYyOTk2NiwiaWF0IjoxNzcwMDI1MTY2LCJqdGkiOiI0NjJhOWVmODk0Njg0N2VjYmQ1MjI5Y2VjNTZkMGIzZCIsInVzZXJfaWQiOiJhYTU1OWExNS1lZjc3LTQwN2MtYmVlMC01OWE3ZjQwNDJmODgifQ.fmatGmvJvKAGipG8uJL9IcxpglkvENnbroUsn52XRtU",
      "created_at": "2026-02-02T09:39:26.843Z",
      "expires_at": "2026-02-09T09:39:26Z"
    }
  },
  {
    "model": "token_blacklist.outstandingtoken",
    "pk": 36,
    "fields": {
      "user": "aa559a15-ef77-407c-bee0-59a7f4042f88",
      "jti": "a15c63c0674946569457cdc919a02159",
      "token": "eyJhbGciOiJIUzI1NiIsInR5cCI6IkpXVCJ9.eyJ0b2tlbl90eXBlIjoicmVmcmVzaCIsImV4cCI6MTc3MDYzMzA3OSwiaWF0IjoxNzcwMDI4Mjc5LCJqdGkiOiJhMTVjNjNjMDY3NDk0NjU2OTQ1N2NkYzkxOWEwMjE1OSIsInVzZXJfaWQiOiJhYTU1OWExNS1lZjc3LTQwN2MtYmVlMC01OWE3ZjQwNDJmODgifQ.Olj5M0uoztf400Qbh2XUsr0g4LLz7bdCcRej8mkGyxg",
      "created_at": "2026-02-02T10:31:19.804Z",
      "expires_at": "2026-02-09T10:31:19Z"
    }
  },
  {
    "model": "token_blacklist.outstandingtoken",
    "pk": 37,
    "fields": {
      "user": "39a57df8-1fde-478d-9548-7701b4ad8289",
      "jti": "dc3c0ff8079f47928d285e31f6b36625",
      "token": "eyJhbGciOiJIUzI1NiIsInR5cCI6IkpXVCJ9.eyJ0b2tlbl90eXBlIjoicmVmcmVzaCIsImV4cCI6MTc3MDYzNjU0OCwiaWF0IjoxNzcwMDMxNzQ4LCJqdGkiOiJkYzNjMGZmODA3OWY0NzkyOGQyODVlMzFmNmIzNjYyNSIsInVzZXJfaWQiOiIzOWE1N2RmOC0xZmRlLTQ3OGQtOTU0OC03NzAxYjRhZDgyODkifQ.9EZH05wlMy6cJOW9j41_dv0n8yAKsYRfnIfDzh0wl8U",
      "created_at": "2026-02-02T11:29:08.226Z",
      "expires_at": "2026-02-09T11:29:08Z"
    }
  },
  {
    "model": "token_blacklist.outstandingtoken",
    "pk": 38,
    "fields": {
      "user": "39a57df8-1fde-478d-9548-7701b4ad8289",
      "jti": "fe4a3086b8754e9bb61502c9e98b2e8d",
      "token": "eyJhbGciOiJIUzI1NiIsInR5cCI6IkpXVCJ9.eyJ0b2tlbl90eXBlIjoicmVmcmVzaCIsImV4cCI6MTc3MDY0MDI4OCwiaWF0IjoxNzcwMDM1NDg4LCJqdGkiOiJmZTRhMzA4NmI4NzU0ZTliYjYxNTAyYzllOThiMmU4ZCIsInVzZXJfaWQiOiIzOWE1N2RmOC0xZmRlLTQ3OGQtOTU0OC03NzAxYjRhZDgyODkifQ.p96rYuLZoaiGNa6vw3HFo5fx_zHMvUfNa-K5mCqfr3U",
      "created_at": "2026-02-02T12:31:28.543Z",
      "expires_at": "2026-02-09T12:31:28Z"
    }
  },
  {
    "model": "token_blacklist.outstandingtoken",
    "pk": 39,
    "fields": {
      "user": "39a57df8-1fde-478d-9548-7701b4ad8289",
      "jti": "9a0659063e9647ffa6310bde1b2192a8",
      "token": "eyJhbGciOiJIUzI1NiIsInR5cCI6IkpXVCJ9.eyJ0b2tlbl90eXBlIjoicmVmcmVzaCIsImV4cCI6MTc3MDY0MDI4OCwiaWF0IjoxNzcwMDM1NDg4LCJqdGkiOiI5YTA2NTkwNjNlOTY0N2ZmYTYzMTBiZGUxYjIxOTJhOCIsInVzZXJfaWQiOiIzOWE1N2RmOC0xZmRlLTQ3OGQtOTU0OC03NzAxYjRhZDgyODkifQ.NdE5dBysw_XmPVtFEO_HbljLRuJeUqEkBQDa1sOMkmw",
      "created_at": "2026-02-02T12:31:28.544Z",
      "expires_at": "2026-02-09T12:31:28Z"
    }
  },
  {
    "model": "token_blacklist.outstandingtoken",
    "pk": 40,
    "fields": {
      "user": "aa559a15-ef77-407c-bee0-59a7f4042f88",
      "jti": "70d75b3831db468f96d05446c7ead3e0",
      "token": "eyJhbGciOiJIUzI1NiIsInR5cCI6IkpXVCJ9.eyJ0b2tlbl90eXBlIjoicmVmcmVzaCIsImV4cCI6MTc3MDY0MDQwMSwiaWF0IjoxNzcwMDM1NjAxLCJqdGkiOiI3MGQ3NWIzODMxZGI0NjhmOTZkMDU0NDZjN2VhZDNlMCIsInVzZXJfaWQiOiJhYTU1OWExNS1lZjc3LTQwN2MtYmVlMC01OWE3ZjQwNDJmODgifQ.e3mAE-rnJ50Yr3QKfzABtGpzqcATHHNIGet-zFtbBgc",
      "created_at": "2026-02-02T12:33:21.654Z",
      "expires_at": "2026-02-09T12:33:21Z"
    }
  },
  {
    "model": "token_blacklist.outstandingtoken",
    "pk": 41,
    "fields": {
      "user": "39a57df8-1fde-478d-9548-7701b4ad8289",
      "jti": "cdcf49736cfa4c88a407b127a2a023b5",
      "token": "eyJhbGciOiJIUzI1NiIsInR5cCI6IkpXVCJ9.eyJ0b2tlbl90eXBlIjoicmVmcmVzaCIsImV4cCI6MTc3MDY0MDgxMiwiaWF0IjoxNzcwMDM2MDEyLCJqdGkiOiJjZGNmNDk3MzZjZmE0Yzg4YTQwN2IxMjdhMmEwMjNiNSIsInVzZXJfaWQiOiIzOWE1N2RmOC0xZmRlLTQ3OGQtOTU0OC03NzAxYjRhZDgyODkifQ.RxzKNonGZ0BoOBX8TYVCMG7Al6DwUMNfT0jamAfCoSY",
      "created_at": "2026-02-02T12:40:12.194Z",
      "expires_at": "2026-02-09T12:40:12Z"
    }
  },
  {
    "model": "token_blacklist.outstandingtoken",
    "pk": 42,
    "fields": {
      "user": "39a57df8-1fde-478d-9548-7701b4ad8289",
      "jti": "8b7170541b714408b5d1d5b5c62f4c13",
      "token": "eyJhbGciOiJIUzI1NiIsInR5cCI6IkpXVCJ9.eyJ0b2tlbl90eXBlIjoicmVmcmVzaCIsImV4cCI6MTc3MDcxOTQ1NiwiaWF0IjoxNzcwMTE0NjU2LCJqdGkiOiI4YjcxNzA1NDFiNzE0NDA4YjVkMWQ1YjVjNjJmNGMxMyIsInVzZXJfaWQiOiIzOWE1N2RmOC0xZmRlLTQ3OGQtOTU0OC03NzAxYjRhZDgyODkifQ.hNzwnlqeDXcnpbXPV1ydCyx7fly3sSneGw7pB1M6cXw",
      "created_at": "2026-02-03T10:30:56.916Z",
      "expires_at": "2026-02-10T10:30:56Z"
    }
  },
  {
    "model": "token_blacklist.outstandingtoken",
    "pk": 43,
    "fields": {
      "user": "aa559a15-ef77-407c-bee0-59a7f4042f88",
      "jti": "2b2036df5a4c404dba9ef32aff01d24a",
      "token": "eyJhbGciOiJIUzI1NiIsInR5cCI6IkpXVCJ9.eyJ0b2tlbl90eXBlIjoicmVmcmVzaCIsImV4cCI6MTc3MDcyMzY4MSwiaWF0IjoxNzcwMTE4ODgxLCJqdGkiOiIyYjIwMzZkZjVhNGM0MDRkYmE5ZWYzMmFmZjAxZDI0YSIsInVzZXJfaWQiOiJhYTU1OWExNS1lZjc3LTQwN2MtYmVlMC01OWE3ZjQwNDJmODgifQ.PfDtIHx_fCBkZfnh7iZ3y5ouk7mWHZd8Jv5c43UQ4mM",
      "created_at": "2026-02-03T11:41:21.171Z",
      "expires_at": "2026-02-10T11:41:21Z"
    }
  },
  {
    "model": "token_blacklist.outstandingtoken",
    "pk": 44,
    "fields": {
      "user": "aa559a15-ef77-407c-bee0-59a7f4042f88",
      "jti": "f0437f56713742a88941c0536fa9ee00",
      "token": "eyJhbGciOiJIUzI1NiIsInR5cCI6IkpXVCJ9.eyJ0b2tlbl90eXBlIjoicmVmcmVzaCIsImV4cCI6MTc3MDc3MTUyNiwiaWF0IjoxNzcwMTY2NzI2LCJqdGkiOiJmMDQzN2Y1NjcxMzc0MmE4ODk0MWMwNTM2ZmE5ZWUwMCIsInVzZXJfaWQiOiJhYTU1OWExNS1lZjc3LTQwN2MtYmVlMC01OWE3ZjQwNDJmODgifQ.boyMjOsIhM2CMFqNsYN1G6W5H5u8KWqdl0LDFHv0lJ8",
      "created_at": "2026-02-04T00:58:46.576Z",
      "expires_at": "2026-02-11T00:58:46Z"
    }
  },
  {
    "model": "token_blacklist.outstandingtoken",
    "pk": 45,
    "fields": {
      "user": "aa559a15-ef77-407c-bee0-59a7f4042f88",
      "jti": "fccfd91bb6fa402c8eecb8e8a208647d",
      "token": "eyJhbGciOiJIUzI1NiIsInR5cCI6IkpXVCJ9.eyJ0b2tlbl90eXBlIjoicmVmcmVzaCIsImV4cCI6MTc3MDc3MTc3OSwiaWF0IjoxNzcwMTY2OTc5LCJqdGkiOiJmY2NmZDkxYmI2ZmE0MDJjOGVlY2I4ZThhMjA4NjQ3ZCIsInVzZXJfaWQiOiJhYTU1OWExNS1lZjc3LTQwN2MtYmVlMC01OWE3ZjQwNDJmODgifQ.ZM7jMEVVH2Ca0e6Qy5Sjh89f4CtUbNCuXJk0dJvcbMk",
      "created_at": "2026-02-04T01:02:59.774Z",
      "expires_at": "2026-02-11T01:02:59Z"
    }
  },
  {
    "model": "token_blacklist.outstandingtoken",
    "pk": 46,
    "fields": {
      "user": "c73fbdaa-ec87-48e3-96eb-a4b5c4e213f2",
      "jti": "1f66c2d50d5249d59f16bb4de4c704ec",
      "token": "eyJhbGciOiJIUzI1NiIsInR5cCI6IkpXVCJ9.eyJ0b2tlbl90eXBlIjoicmVmcmVzaCIsImV4cCI6MTc3MDg5ODk1MiwiaWF0IjoxNzcwMjk0MTUyLCJqdGkiOiIxZjY2YzJkNTBkNTI0OWQ1OWYxNmJiNGRlNGM3MDRlYyIsInVzZXJfaWQiOiJjNzNmYmRhYS1lYzg3LTQ4ZTMtOTZlYi1hNGI1YzRlMjEzZjIifQ.VqUgLXhG0BcEc7Ed3s6KRlqH0G8ftnzMAS3sn8fh4g8",
      "created_at": "2026-02-05T12:22:32.362Z",
      "expires_at": "2026-02-12T12:22:32Z"
    }
  },
  {
    "model": "token_blacklist.outstandingtoken",
    "pk": 47,
    "fields": {
      "user": "aa559a15-ef77-407c-bee0-59a7f4042f88",
      "jti": "5154fe0032d348b495f1b43196730546",
      "token": "eyJhbGciOiJIUzI1NiIsInR5cCI6IkpXVCJ9.eyJ0b2tlbl90eXBlIjoicmVmcmVzaCIsImV4cCI6MTc3MDg5OTU4MCwiaWF0IjoxNzcwMjk0NzgwLCJqdGkiOiI1MTU0ZmUwMDMyZDM0OGI0OTVmMWI0MzE5NjczMDU0NiIsInVzZXJfaWQiOiJhYTU1OWExNS1lZjc3LTQwN2MtYmVlMC01OWE3ZjQwNDJmODgifQ.EHWX8TFutpW4GyfqZAkRSKcKU9DGsGnYv4bFStlyyyk",
      "created_at": "2026-02-05T12:33:00.869Z",
      "expires_at": "2026-02-12T12:33:00Z"
    }
  },
  {
    "model": "token_blacklist.outstandingtoken",
    "pk": 48,
    "fields": {
      "user": "c73fbdaa-ec87-48e3-96eb-a4b5c4e213f2",
      "jti": "13a3c969616c4e4dbcf797c0b218f10b",
      "token": "eyJhbGciOiJIUzI1NiIsInR5cCI6IkpXVCJ9.eyJ0b2tlbl90eXBlIjoicmVmcmVzaCIsImV4cCI6MTc3MDg5OTgyMCwiaWF0IjoxNzcwMjk1MDIwLCJqdGkiOiIxM2EzYzk2OTYxNmM0ZTRkYmNmNzk3YzBiMjE4ZjEwYiIsInVzZXJfaWQiOiJjNzNmYmRhYS1lYzg3LTQ4ZTMtOTZlYi1hNGI1YzRlMjEzZjIifQ.yoR9fjLf3fYQ9OoC3p08VMGN6V8AriGHS8dAflqJZP8",
      "created_at": "2026-02-05T12:37:00.136Z",
      "expires_at": "2026-02-12T12:37:00Z"
    }
  },
  {
    "model": "token_blacklist.outstandingtoken",
    "pk": 49,
    "fields": {
      "user": "39a57df8-1fde-478d-9548-7701b4ad8289",
      "jti": "42e72b509e2b4aee8ece27e5e60bca7a",
      "token": "eyJhbGciOiJIUzI1NiIsInR5cCI6IkpXVCJ9.eyJ0b2tlbl90eXBlIjoicmVmcmVzaCIsImV4cCI6MTc3MDkwMjYzMiwiaWF0IjoxNzcwMjk3ODMyLCJqdGkiOiI0MmU3MmI1MDllMmI0YWVlOGVjZTI3ZTVlNjBiY2E3YSIsInVzZXJfaWQiOiIzOWE1N2RmOC0xZmRlLTQ3OGQtOTU0OC03NzAxYjRhZDgyODkifQ.J2nuA96Sl2-0cQOzmQpsaotOSPSzYc7yHy3sC--QtSc",
      "created_at": "2026-02-05T13:23:52.551Z",
      "expires_at": "2026-02-12T13:23:52Z"
    }
  },
  {
    "model": "token_blacklist.outstandingtoken",
    "pk": 50,
    "fields": {
      "user": "aa559a15-ef77-407c-bee0-59a7f4042f88",
      "jti": "a4f8c56ef2bb479caeeed7c2d9b82bdf",
      "token": "eyJhbGciOiJIUzI1NiIsInR5cCI6IkpXVCJ9.eyJ0b2tlbl90eXBlIjoicmVmcmVzaCIsImV4cCI6MTc3MDkwMzA4OCwiaWF0IjoxNzcwMjk4Mjg4LCJqdGkiOiJhNGY4YzU2ZWYyYmI0NzljYWVlZWQ3YzJkOWI4MmJkZiIsInVzZXJfaWQiOiJhYTU1OWExNS1lZjc3LTQwN2MtYmVlMC01OWE3ZjQwNDJmODgifQ.e3FTiHATeYONlfn40Al9onJG7Iyyn5q1RhfHChWj29I",
      "created_at": "2026-02-05T13:31:28.357Z",
      "expires_at": "2026-02-12T13:31:28Z"
    }
  },
  {
    "model": "token_blacklist.outstandingtoken",
    "pk": 51,
    "fields": {
      "user": "39a57df8-1fde-478d-9548-7701b4ad8289",
      "jti": "c5ac0ae9fafd48d396aee42452ba446a",
      "token": "eyJhbGciOiJIUzI1NiIsInR5cCI6IkpXVCJ9.eyJ0b2tlbl90eXBlIjoicmVmcmVzaCIsImV4cCI6MTc3MDkwMzE4NCwiaWF0IjoxNzcwMjk4Mzg0LCJqdGkiOiJjNWFjMGFlOWZhZmQ0OGQzOTZhZWU0MjQ1MmJhNDQ2YSIsInVzZXJfaWQiOiIzOWE1N2RmOC0xZmRlLTQ3OGQtOTU0OC03NzAxYjRhZDgyODkifQ.XRP6SAbSxH2IU2EinYFN_D9qRmVytqRlW30dj2PxZDc",
      "created_at": "2026-02-05T13:33:04.039Z",
      "expires_at": "2026-02-12T13:33:04Z"
    }
  },
  {
    "model": "token_blacklist.outstandingtoken",
    "pk": 52,
    "fields": {
      "user": "aa559a15-ef77-407c-bee0-59a7f4042f88",
      "jti": "dfe6473eb8d94244858b1cc67e5f66d0",
      "token": "eyJhbGciOiJIUzI1NiIsInR5cCI6IkpXVCJ9.eyJ0b2tlbl90eXBlIjoicmVmcmVzaCIsImV4cCI6MTc3MDkwNjE2OCwiaWF0IjoxNzcwMzAxMzY4LCJqdGkiOiJkZmU2NDczZWI4ZDk0MjQ0ODU4YjFjYzY3ZTVmNjZkMCIsInVzZXJfaWQiOiJhYTU1OWExNS1lZjc3LTQwN2MtYmVlMC01OWE3ZjQwNDJmODgifQ.uMjEfI8EfSbY6ghhRJmkBfSsxzINj-myfSpqopg64fk",
      "created_at": "2026-02-05T14:22:48.216Z",
      "expires_at": "2026-02-12T14:22:48Z"
    }
  },
  {
    "model": "token_blacklist.outstandingtoken",
    "pk": 53,
    "fields": {
      "user": "aa559a15-ef77-407c-bee0-59a7f4042f88",
      "jti": "bff6ba37b6114d018e62fd94a1377a09",
      "token": "eyJhbGciOiJIUzI1NiIsInR5cCI6IkpXVCJ9.eyJ0b2tlbl90eXBlIjoicmVmcmVzaCIsImV4cCI6MTc3MDkwNzk2NSwiaWF0IjoxNzcwMzAzMTY1LCJqdGkiOiJiZmY2YmEzN2I2MTE0ZDAxOGU2MmZkOTRhMTM3N2EwOSIsInVzZXJfaWQiOiJhYTU1OWExNS1lZjc3LTQwN2MtYmVlMC01OWE3ZjQwNDJmODgifQ.D0WV0A-Eae6O498AHl7jp2wePOjpsBBOSfbXgQ8KTPE",
      "created_at": "2026-02-05T14:52:45.872Z",
      "expires_at": "2026-02-12T14:52:45Z"
    }
  },
  {
    "model": "token_blacklist.outstandingtoken",
    "pk": 54,
    "fields": {
      "user": "c73fbdaa-ec87-48e3-96eb-a4b5c4e213f2",
      "jti": "a14016950e7f49febbdc23e53d8a290c",
      "token": "eyJhbGciOiJIUzI1NiIsInR5cCI6IkpXVCJ9.eyJ0b2tlbl90eXBlIjoicmVmcmVzaCIsImV4cCI6MTc3MDkwODAzNCwiaWF0IjoxNzcwMzAzMjM0LCJqdGkiOiJhMTQwMTY5NTBlN2Y0OWZlYmJkYzIzZTUzZDhhMjkwYyIsInVzZXJfaWQiOiJjNzNmYmRhYS1lYzg3LTQ4ZTMtOTZlYi1hNGI1YzRlMjEzZjIifQ.qdMLO-TLyg90qiTHu6rUYvC95LOZIh3e48Y-htI8eME",
      "created_at": "2026-02-05T14:53:54.484Z",
      "expires_at": "2026-02-12T14:53:54Z"
    }
  },
  {
    "model": "token_blacklist.outstandingtoken",
    "pk": 55,
    "fields": {
      "user": "aa559a15-ef77-407c-bee0-59a7f4042f88",
      "jti": "7ba61a218d394eb88ac1c944b8166667",
      "token": "eyJhbGciOiJIUzI1NiIsInR5cCI6IkpXVCJ9.eyJ0b2tlbl90eXBlIjoicmVmcmVzaCIsImV4cCI6MTc3MDkwODY2NCwiaWF0IjoxNzcwMzAzODY0LCJqdGkiOiI3YmE2MWEyMThkMzk0ZWI4OGFjMWM5NDRiODE2NjY2NyIsInVzZXJfaWQiOiJhYTU1OWExNS1lZjc3LTQwN2MtYmVlMC01OWE3ZjQwNDJmODgifQ.YB3DCie_rE1bibFZuMmMHkAkw4PKogri2w5n6onjlvk",
      "created_at": "2026-02-05T15:04:24.484Z",
      "expires_at": "2026-02-12T15:04:24Z"
    }
  },
  {
    "model": "token_blacklist.outstandingtoken",
    "pk": 56,
    "fields": {
      "user": "aa559a15-ef77-407c-bee0-59a7f4042f88",
      "jti": "cae1d97b5fcc40548f7bbd60ecaf2b27",
      "token": "eyJhbGciOiJIUzI1NiIsInR5cCI6IkpXVCJ9.eyJ0b2tlbl90eXBlIjoicmVmcmVzaCIsImV4cCI6MTc3MDkwODgyOCwiaWF0IjoxNzcwMzA0MDI4LCJqdGkiOiJjYWUxZDk3YjVmY2M0MDU0OGY3YmJkNjBlY2FmMmIyNyIsInVzZXJfaWQiOiJhYTU1OWExNS1lZjc3LTQwN2MtYmVlMC01OWE3ZjQwNDJmODgifQ.sCYek572IgAQg0Os47Ah5Z8NpAa30Om-tU_fhovyAuU",
      "created_at": "2026-02-05T15:07:08.440Z",
      "expires_at": "2026-02-12T15:07:08Z"
    }
  },
  {
    "model": "token_blacklist.outstandingtoken",
    "pk": 57,
    "fields": {
      "user": "39a57df8-1fde-478d-9548-7701b4ad8289",
      "jti": "edf6cd81b0f742cea2d48340292900f7",
      "token": "eyJhbGciOiJIUzI1NiIsInR5cCI6IkpXVCJ9.eyJ0b2tlbl90eXBlIjoicmVmcmVzaCIsImV4cCI6MTc3MDkwOTAwNCwiaWF0IjoxNzcwMzA0MjA0LCJqdGkiOiJlZGY2Y2Q4MWIwZjc0MmNlYTJkNDgzNDAyOTI5MDBmNyIsInVzZXJfaWQiOiIzOWE1N2RmOC0xZmRlLTQ3OGQtOTU0OC03NzAxYjRhZDgyODkifQ.jvODVS8HMlDzDf44f6h1C5-ZLKGFLfGMD-bv4stufJ0",
      "created_at": "2026-02-05T15:10:04.643Z",
      "expires_at": "2026-02-12T15:10:04Z"
    }
  },
  {
    "model": "token_blacklist.outstandingtoken",
    "pk": 58,
    "fields": {
      "user": "39a57df8-1fde-478d-9548-7701b4ad8289",
      "jti": "b32008decfc041b894ead7dd94bac466",
      "token": "eyJhbGciOiJIUzI1NiIsInR5cCI6IkpXVCJ9.eyJ0b2tlbl90eXBlIjoicmVmcmVzaCIsImV4cCI6MTc3MDkxMjYzNCwiaWF0IjoxNzcwMzA3ODM0LCJqdGkiOiJiMzIwMDhkZWNmYzA0MWI4OTRlYWQ3ZGQ5NGJhYzQ2NiIsInVzZXJfaWQiOiIzOWE1N2RmOC0xZmRlLTQ3OGQtOTU0OC03NzAxYjRhZDgyODkifQ.mIooH2Qqi8q70MUw_teKRwEUJ392i85g6boorTIAsvc",
      "created_at": "2026-02-05T16:10:34.918Z",
      "expires_at": "2026-02-12T16:10:34Z"
    }
  },
  {
    "model": "token_blacklist.outstandingtoken",
    "pk": 59,
    "fields": {
      "user": "c73fbdaa-ec87-48e3-96eb-a4b5c4e213f2",
      "jti": "e555a982e9594221917d036fdc3c6b87",
      "token": "eyJhbGciOiJIUzI1NiIsInR5cCI6IkpXVCJ9.eyJ0b2tlbl90eXBlIjoicmVmcmVzaCIsImV4cCI6MTc3MDk0MjkyMSwiaWF0IjoxNzcwMzM4MTIxLCJqdGkiOiJlNTU1YTk4MmU5NTk0MjIxOTE3ZDAzNmZkYzNjNmI4NyIsInVzZXJfaWQiOiJjNzNmYmRhYS1lYzg3LTQ4ZTMtOTZlYi1hNGI1YzRlMjEzZjIifQ.MW2Y2fajNtj2R2QqeBefoFXzo8WFMPwRu6zKqpDaeXo",
      "created_at": "2026-02-06T00:35:21.550Z",
      "expires_at": "2026-02-13T00:35:21Z"
    }
  },
  {
    "model": "token_blacklist.outstandingtoken",
    "pk": 60,
    "fields": {
      "user": "c73fbdaa-ec87-48e3-96eb-a4b5c4e213f2",
      "jti": "4c7eb6a96c284458be7ab9506f238ff1",
      "token": "eyJhbGciOiJIUzI1NiIsInR5cCI6IkpXVCJ9.eyJ0b2tlbl90eXBlIjoicmVmcmVzaCIsImV4cCI6MTc3MDk0MzgwMSwiaWF0IjoxNzcwMzM5MDAxLCJqdGkiOiI0YzdlYjZhOTZjMjg0NDU4YmU3YWI5NTA2ZjIzOGZmMSIsInVzZXJfaWQiOiJjNzNmYmRhYS1lYzg3LTQ4ZTMtOTZlYi1hNGI1YzRlMjEzZjIifQ.EFXzst_sXzCXzdwJF8JdTWOP0g5U8lo_T0qJLyPc5rg",
      "created_at": "2026-02-06T00:50:01.404Z",
      "expires_at": "2026-02-13T00:50:01Z"
    }
  },
  {
    "model": "token_blacklist.outstandingtoken",
    "pk": 61,
    "fields": {
      "user": "aa559a15-ef77-407c-bee0-59a7f4042f88",
      "jti": "1a21cd4ca36c49728c6e0af712388193",
      "token": "eyJhbGciOiJIUzI1NiIsInR5cCI6IkpXVCJ9.eyJ0b2tlbl90eXBlIjoicmVmcmVzaCIsImV4cCI6MTc3MDk0Mzg4NywiaWF0IjoxNzcwMzM5MDg3LCJqdGkiOiIxYTIxY2Q0Y2EzNmM0OTcyOGM2ZTBhZjcxMjM4ODE5MyIsInVzZXJfaWQiOiJhYTU1OWExNS1lZjc3LTQwN2MtYmVlMC01OWE3ZjQwNDJmODgifQ.KvFJ4P39OGWhnErrH617-iLFdRRx6Kj3axH70c0FTOg",
      "created_at": "2026-02-06T00:51:27.221Z",
      "expires_at": "2026-02-13T00:51:27Z"
    }
  },
  {
    "model": "token_blacklist.outstandingtoken",
    "pk": 62,
    "fields": {
      "user": "c73fbdaa-ec87-48e3-96eb-a4b5c4e213f2",
      "jti": "b24d3717cab34d68a2a86881cae1eff2",
      "token": "eyJhbGciOiJIUzI1NiIsInR5cCI6IkpXVCJ9.eyJ0b2tlbl90eXBlIjoicmVmcmVzaCIsImV4cCI6MTc3MDk0NTE5NiwiaWF0IjoxNzcwMzQwMzk2LCJqdGkiOiJiMjRkMzcxN2NhYjM0ZDY4YTJhODY4ODFjYWUxZWZmMiIsInVzZXJfaWQiOiJjNzNmYmRhYS1lYzg3LTQ4ZTMtOTZlYi1hNGI1YzRlMjEzZjIifQ.yoYcOnv-0tyx2FwGa0rIleRBBnS2EP8g8qvCZshV5ho",
      "created_at": "2026-02-06T01:13:16.864Z",
      "expires_at": "2026-02-13T01:13:16Z"
    }
  },
  {
    "model": "token_blacklist.outstandingtoken",
    "pk": 63,
    "fields": {
      "user": "c73fbdaa-ec87-48e3-96eb-a4b5c4e213f2",
      "jti": "8d4635219fc741bb8628664c4721b30c",
      "token": "eyJhbGciOiJIUzI1NiIsInR5cCI6IkpXVCJ9.eyJ0b2tlbl90eXBlIjoicmVmcmVzaCIsImV4cCI6MTc3MDk0NTQ0MywiaWF0IjoxNzcwMzQwNjQzLCJqdGkiOiI4ZDQ2MzUyMTlmYzc0MWJiODYyODY2NGM0NzIxYjMwYyIsInVzZXJfaWQiOiJjNzNmYmRhYS1lYzg3LTQ4ZTMtOTZlYi1hNGI1YzRlMjEzZjIifQ.p900DO2oiA-PkwRIgEZW4O1HiGObKoYdNHcR9Tndw2o",
      "created_at": "2026-02-06T01:17:23.593Z",
      "expires_at": "2026-02-13T01:17:23Z"
    }
  },
  {
    "model": "token_blacklist.outstandingtoken",
    "pk": 64,
    "fields": {
      "user": "c73fbdaa-ec87-48e3-96eb-a4b5c4e213f2",
      "jti": "1b424ce21c5048dbb84fde4c348cacdd",
      "token": "eyJhbGciOiJIUzI1NiIsInR5cCI6IkpXVCJ9.eyJ0b2tlbl90eXBlIjoicmVmcmVzaCIsImV4cCI6MTc3MDk0NjEwNSwiaWF0IjoxNzcwMzQxMzA1LCJqdGkiOiIxYjQyNGNlMjFjNTA0OGRiYjg0ZmRlNGMzNDhjYWNkZCIsInVzZXJfaWQiOiJjNzNmYmRhYS1lYzg3LTQ4ZTMtOTZlYi1hNGI1YzRlMjEzZjIifQ.JTyvHbB4Ax90oVtbMQf_ed6xCb2MgonsGbQA1wpm9lI",
      "created_at": "2026-02-06T01:28:25.144Z",
      "expires_at": "2026-02-13T01:28:25Z"
    }
  },
  {
    "model": "token_blacklist.outstandingtoken",
    "pk": 65,
    "fields": {
      "user": "aa559a15-ef77-407c-bee0-59a7f4042f88",
      "jti": "60c3ade9ca8c4e359dc460167a72daec",
      "token": "eyJhbGciOiJIUzI1NiIsInR5cCI6IkpXVCJ9.eyJ0b2tlbl90eXBlIjoicmVmcmVzaCIsImV4cCI6MTc3MDk0NjE3NCwiaWF0IjoxNzcwMzQxMzc0LCJqdGkiOiI2MGMzYWRlOWNhOGM0ZTM1OWRjNDYwMTY3YTcyZGFlYyIsInVzZXJfaWQiOiJhYTU1OWExNS1lZjc3LTQwN2MtYmVlMC01OWE3ZjQwNDJmODgifQ.iVdn05OzR4rETJEyNj32uHV39lyd9rwluxVxrPfmsqk",
      "created_at": "2026-02-06T01:29:34.846Z",
      "expires_at": "2026-02-13T01:29:34Z"
    }
  },
  {
    "model": "token_blacklist.outstandingtoken",
    "pk": 66,
    "fields": {
      "user": "c73fbdaa-ec87-48e3-96eb-a4b5c4e213f2",
      "jti": "10758d996c654f06b2bc5bc1eb159dad",
      "token": "eyJhbGciOiJIUzI1NiIsInR5cCI6IkpXVCJ9.eyJ0b2tlbl90eXBlIjoicmVmcmVzaCIsImV4cCI6MTc3MDk0NzExMiwiaWF0IjoxNzcwMzQyMzEyLCJqdGkiOiIxMDc1OGQ5OTZjNjU0ZjA2YjJiYzViYzFlYjE1OWRhZCIsInVzZXJfaWQiOiJjNzNmYmRhYS1lYzg3LTQ4ZTMtOTZlYi1hNGI1YzRlMjEzZjIifQ.ZJIYScXsQ6YWLbnv04XSEZkvkcxQ6fRPN92zXvhcFmE",
      "created_at": "2026-02-06T01:45:12.669Z",
      "expires_at": "2026-02-13T01:45:12Z"
    }
  },
  {
    "model": "token_blacklist.outstandingtoken",
    "pk": 67,
    "fields": {
      "user": "aa559a15-ef77-407c-bee0-59a7f4042f88",
      "jti": "251d33ccf88b48d08acfd6204ffe5114",
      "token": "eyJhbGciOiJIUzI1NiIsInR5cCI6IkpXVCJ9.eyJ0b2tlbl90eXBlIjoicmVmcmVzaCIsImV4cCI6MTc3MDk0Nzg3NiwiaWF0IjoxNzcwMzQzMDc2LCJqdGkiOiIyNTFkMzNjY2Y4OGI0OGQwOGFjZmQ2MjA0ZmZlNTExNCIsInVzZXJfaWQiOiJhYTU1OWExNS1lZjc3LTQwN2MtYmVlMC01OWE3ZjQwNDJmODgifQ.5KOIqXFuJfZK6zHt53ZkkjHuHaJ32_Ll5dbXQubtC50",
      "created_at": "2026-02-06T01:57:56.872Z",
      "expires_at": "2026-02-13T01:57:56Z"
    }
  },
  {
    "model": "token_blacklist.outstandingtoken",
    "pk": 68,
    "fields": {
      "user": "c73fbdaa-ec87-48e3-96eb-a4b5c4e213f2",
      "jti": "ba1e7ad5b5014f73b280f95feb5450bc",
      "token": "eyJhbGciOiJIUzI1NiIsInR5cCI6IkpXVCJ9.eyJ0b2tlbl90eXBlIjoicmVmcmVzaCIsImV4cCI6MTc3MDk0OTYxNSwiaWF0IjoxNzcwMzQ0ODE1LCJqdGkiOiJiYTFlN2FkNWI1MDE0ZjczYjI4MGY5NWZlYjU0NTBiYyIsInVzZXJfaWQiOiJjNzNmYmRhYS1lYzg3LTQ4ZTMtOTZlYi1hNGI1YzRlMjEzZjIifQ.EkmKxdw9hOE5XoKJj7bimjQphj9pvnn1o2xbZnad3Bs",
      "created_at": "2026-02-06T02:26:55.767Z",
      "expires_at": "2026-02-13T02:26:55Z"
    }
  },
  {
    "model": "token_blacklist.outstandingtoken",
    "pk": 69,
    "fields": {
      "user": "c73fbdaa-ec87-48e3-96eb-a4b5c4e213f2",
      "jti": "bf540559cba646f0a4d949c21e113659",
      "token": "eyJhbGciOiJIUzI1NiIsInR5cCI6IkpXVCJ9.eyJ0b2tlbl90eXBlIjoicmVmcmVzaCIsImV4cCI6MTc3MDk0OTc3MywiaWF0IjoxNzcwMzQ0OTczLCJqdGkiOiJiZjU0MDU1OWNiYTY0NmYwYTRkOTQ5YzIxZTExMzY1OSIsInVzZXJfaWQiOiJjNzNmYmRhYS1lYzg3LTQ4ZTMtOTZlYi1hNGI1YzRlMjEzZjIifQ.MqXjHUtb9JcTP9z7Z4VO_VbzVXSkIZ58W2Do0IS-HnE",
      "created_at": "2026-02-06T02:29:33.744Z",
      "expires_at": "2026-02-13T02:29:33Z"
    }
  },
  {
    "model": "token_blacklist.outstandingtoken",
    "pk": 70,
    "fields": {
      "user": "aa559a15-ef77-407c-bee0-59a7f4042f88",
      "jti": "a4a5eaded4224644a93d6e5564c1ad77",
      "token": "eyJhbGciOiJIUzI1NiIsInR5cCI6IkpXVCJ9.eyJ0b2tlbl90eXBlIjoicmVmcmVzaCIsImV4cCI6MTc3MDk0OTc4MywiaWF0IjoxNzcwMzQ0OTgzLCJqdGkiOiJhNGE1ZWFkZWQ0MjI0NjQ0YTkzZDZlNTU2NGMxYWQ3NyIsInVzZXJfaWQiOiJhYTU1OWExNS1lZjc3LTQwN2MtYmVlMC01OWE3ZjQwNDJmODgifQ.FahAoHaNC585mO1DIc0AlbPcNRrIIa8F3oijtpp6H9c",
      "created_at": "2026-02-06T02:29:43.785Z",
      "expires_at": "2026-02-13T02:29:43Z"
    }
  },
  {
    "model": "token_blacklist.outstandingtoken",
    "pk": 71,
    "fields": {
      "user": "c73fbdaa-ec87-48e3-96eb-a4b5c4e213f2",
      "jti": "cd33d601960d48c2862ab2887ae272f2",
      "token": "eyJhbGciOiJIUzI1NiIsInR5cCI6IkpXVCJ9.eyJ0b2tlbl90eXBlIjoicmVmcmVzaCIsImV4cCI6MTc3MDk1MDg0OCwiaWF0IjoxNzcwMzQ2MDQ4LCJqdGkiOiJjZDMzZDYwMTk2MGQ0OGMyODYyYWIyODg3YWUyNzJmMiIsInVzZXJfaWQiOiJjNzNmYmRhYS1lYzg3LTQ4ZTMtOTZlYi1hNGI1YzRlMjEzZjIifQ.AI4QPrFaiXwen1cHmnJL168L8xWIyamSA6GvujtlwS8",
      "created_at": "2026-02-06T02:47:28.023Z",
      "expires_at": "2026-02-13T02:47:28Z"
    }
  },
  {
    "model": "token_blacklist.blacklistedtoken",
    "pk": 1,
    "fields": {
      "token": 2,
      "blacklisted_at": "2026-01-28T11:51:00.067Z"
    }
  },
  {
    "model": "token_blacklist.blacklistedtoken",
    "pk": 2,
    "fields": {
      "token": 1,
      "blacklisted_at": "2026-01-28T11:52:52.357Z"
    }
  },
  {
    "model": "token_blacklist.blacklistedtoken",
    "pk": 3,
    "fields": {
      "token": 6,
      "blacklisted_at": "2026-01-28T14:13:23.202Z"
    }
  },
  {
    "model": "token_blacklist.blacklistedtoken",
    "pk": 4,
    "fields": {
      "token": 8,
      "blacklisted_at": "2026-01-31T03:35:33.259Z"
    }
  },
  {
    "model": "token_blacklist.blacklistedtoken",
    "pk": 5,
    "fields": {
      "token": 10,
      "blacklisted_at": "2026-01-31T04:38:24.929Z"
    }
  },
  {
    "model": "token_blacklist.blacklistedtoken",
    "pk": 6,
    "fields": {
      "token": 11,
      "blacklisted_at": "2026-01-31T04:40:21.537Z"
    }
  },
  {
    "model": "token_blacklist.blacklistedtoken",
    "pk": 7,
    "fields": {
      "token": 12,
      "blacklisted_at": "2026-01-31T04:41:42.236Z"
    }
  },
  {
    "model": "token_blacklist.blacklistedtoken",
    "pk": 8,
    "fields": {
      "token": 13,
      "blacklisted_at": "2026-01-31T05:46:43.906Z"
    }
  },
  {
    "model": "token_blacklist.blacklistedtoken",
    "pk": 9,
    "fields": {
      "token": 15,
      "blacklisted_at": "2026-01-31T11:28:17.100Z"
    }
  },
  {
    "model": "token_blacklist.blacklistedtoken",
    "pk": 10,
    "fields": {
      "token": 17,
      "blacklisted_at": "2026-02-01T02:32:27.452Z"
    }
  },
  {
    "model": "token_blacklist.blacklistedtoken",
    "pk": 11,
    "fields": {
      "token": 19,
      "blacklisted_at": "2026-02-01T04:43:51.966Z"
    }
  },
  {
    "model": "token_blacklist.blacklistedtoken",
    "pk": 12,
    "fields": {
      "token": 21,
      "blacklisted_at": "2026-02-01T07:30:36.494Z"
    }
  },
  {
    "model": "token_blacklist.blacklistedtoken",
    "pk": 13,
    "fields": {
      "token": 23,
      "blacklisted_at": "2026-02-01T08:13:04.977Z"
    }
  },
  {
    "model": "token_blacklist.blacklistedtoken",
    "pk": 14,
    "fields": {
      "token": 24,
      "blacklisted_at": "2026-02-01T08:19:01.629Z"
    }
  },
  {
    "model": "token_blacklist.blacklistedtoken",
    "pk": 15,
    "fields": {
      "token": 25,
      "blacklisted_at": "2026-02-01T09:19:36.636Z"
    }
  },
  {
    "model": "token_blacklist.blacklistedtoken",
    "pk": 16,
    "fields": {
      "token": 29,
      "blacklisted_at": "2026-02-01T11:09:14.371Z"
    }
  },
  {
    "model": "token_blacklist.blacklistedtoken",
    "pk": 17,
    "fields": {
      "token": 30,
      "blacklisted_at": "2026-02-01T11:37:57.278Z"
    }
  },
  {
    "model": "token_blacklist.blacklistedtoken",
    "pk": 18,
    "fields": {
      "token": 31,
      "blacklisted_at": "2026-02-01T11:42:45.308Z"
    }
  },
  {
    "model": "token_blacklist.blacklistedtoken",
    "pk": 19,
    "fields": {
      "token": 32,
      "blacklisted_at": "2026-02-01T11:51:38.726Z"
    }
  },
  {
    "model": "token_blacklist.blacklistedtoken",
    "pk": 20,
    "fields": {
      "token": 33,
      "blacklisted_at": "2026-02-01T11:55:03.992Z"
    }
  },
  {
    "model": "token_blacklist.blacklistedtoken",
    "pk": 21,
    "fields": {
      "token": 34,
      "blacklisted_at": "2026-02-02T09:39:26.851Z"
    }
  },
  {
    "model": "token_blacklist.blacklistedtoken",
    "pk": 22,
    "fields": {
      "token": 36,
      "blacklisted_at": "2026-02-02T11:28:13.412Z"
    }
  },
  {
    "model": "token_blacklist.blacklistedtoken",
    "pk": 23,
    "fields": {
      "token": 37,
      "blacklisted_at": "2026-02-02T12:31:28.549Z"
    }
  },
  {
    "model": "token_blacklist.blacklistedtoken",
    "pk": 24,
    "fields": {
      "token": 40,
      "blacklisted_at": "2026-02-02T12:40:01.225Z"
    }
  },
  {
    "model": "token_blacklist.blacklistedtoken",
    "pk": 25,
    "fields": {
      "token": 41,
      "blacklisted_at": "2026-02-03T10:30:56.935Z"
    }
  },
  {
    "model": "token_blacklist.blacklistedtoken",
    "pk": 26,
    "fields": {
      "token": 44,
      "blacklisted_at": "2026-02-04T00:59:25.784Z"
    }
  },
  {
    "model": "token_blacklist.blacklistedtoken",
    "pk": 27,
    "fields": {
      "token": 46,
      "blacklisted_at": "2026-02-05T12:32:48.000Z"
    }
  },
  {
    "model": "token_blacklist.blacklistedtoken",
    "pk": 28,
    "fields": {
      "token": 47,
      "blacklisted_at": "2026-02-05T12:36:55.574Z"
    }
  },
  {
    "model": "token_blacklist.blacklistedtoken",
    "pk": 29,
    "fields": {
      "token": 48,
      "blacklisted_at": "2026-02-05T13:22:44.318Z"
    }
  },
  {
    "model": "token_blacklist.blacklistedtoken",
    "pk": 30,
    "fields": {
      "token": 50,
      "blacklisted_at": "2026-02-05T13:32:55.715Z"
    }
  },
  {
    "model": "token_blacklist.blacklistedtoken",
    "pk": 31,
    "fields": {
      "token": 51,
      "blacklisted_at": "2026-02-05T14:21:40.637Z"
    }
  },
  {
    "model": "token_blacklist.blacklistedtoken",
    "pk": 32,
    "fields": {
      "token": 52,
      "blacklisted_at": "2026-02-05T14:51:22.986Z"
    }
  },
  {
    "model": "token_blacklist.blacklistedtoken",
    "pk": 33,
    "fields": {
      "token": 53,
      "blacklisted_at": "2026-02-05T14:53:46.497Z"
    }
  },
  {
    "model": "token_blacklist.blacklistedtoken",
    "pk": 34,
    "fields": {
      "token": 54,
      "blacklisted_at": "2026-02-05T14:59:36.764Z"
    }
  },
  {
    "model": "token_blacklist.blacklistedtoken",
    "pk": 35,
    "fields": {
      "token": 56,
      "blacklisted_at": "2026-02-05T15:09:36.700Z"
    }
  },
  {
    "model": "token_blacklist.blacklistedtoken",
    "pk": 36,
    "fields": {
      "token": 57,
      "blacklisted_at": "2026-02-05T16:10:34.928Z"
    }
  },
  {
    "model": "token_blacklist.blacklistedtoken",
    "pk": 37,
    "fields": {
      "token": 59,
      "blacklisted_at": "2026-02-06T00:49:51.851Z"
    }
  },
  {
    "model": "token_blacklist.blacklistedtoken",
    "pk": 38,
    "fields": {
      "token": 60,
      "blacklisted_at": "2026-02-06T00:51:21.489Z"
    }
  },
  {
    "model": "token_blacklist.blacklistedtoken",
    "pk": 39,
    "fields": {
      "token": 62,
      "blacklisted_at": "2026-02-06T01:17:18.074Z"
    }
  },
  {
    "model": "token_blacklist.blacklistedtoken",
    "pk": 40,
    "fields": {
      "token": 63,
      "blacklisted_at": "2026-02-06T01:17:26.554Z"
    }
  },
  {
    "model": "token_blacklist.blacklistedtoken",
    "pk": 41,
    "fields": {
      "token": 61,
      "blacklisted_at": "2026-02-06T01:28:19.544Z"
    }
  },
  {
    "model": "token_blacklist.blacklistedtoken",
    "pk": 42,
    "fields": {
      "token": 64,
      "blacklisted_at": "2026-02-06T01:29:29.508Z"
    }
  },
  {
    "model": "token_blacklist.blacklistedtoken",
    "pk": 43,
    "fields": {
      "token": 65,
      "blacklisted_at": "2026-02-06T01:45:07.011Z"
    }
  },
  {
    "model": "token_blacklist.blacklistedtoken",
    "pk": 44,
    "fields": {
      "token": 66,
      "blacklisted_at": "2026-02-06T01:57:45.743Z"
    }
  },
  {
    "model": "token_blacklist.blacklistedtoken",
    "pk": 45,
    "fields": {
      "token": 67,
      "blacklisted_at": "2026-02-06T02:26:45.930Z"
    }
  },
  {
    "model": "token_blacklist.blacklistedtoken",
    "pk": 46,
    "fields": {
      "token": 68,
      "blacklisted_at": "2026-02-06T02:29:27.612Z"
    }
  },
  {
    "model": "token_blacklist.blacklistedtoken",
    "pk": 47,
    "fields": {
      "token": 69,
      "blacklisted_at": "2026-02-06T02:29:38.249Z"
    }
  },
  {
    "model": "token_blacklist.blacklistedtoken",
    "pk": 48,
    "fields": {
      "token": 70,
      "blacklisted_at": "2026-02-06T02:47:18.642Z"
    }
  },
  {
    "model": "accounts.user",
    "pk": "062aaca1-8d9d-4132-8b6c-1dd70d1d235f",
    "fields": {
      "password": "pbkdf2_sha256$1200000$RXBx4uxMSCP7uKMbZazH9U$wSLmsEaIJF/8Za8cLAC76GQ4c6cGcwyA6RfVC8m6C28=",
      "last_login": null,
      "is_superuser": false,
      "email": "try@gmail.com",
      "username": "try@gmail.com",
      "display_name": "",
      "last_display_name_change": null,
      "avatar": 1,
      "bio": "",
      "is_active": true,
      "is_staff": false,
      "is_email_verified": false,
      "date_joined": "2026-02-02T11:01:14.903Z",
      "last_active": "2026-02-02T11:01:15.543Z",
      "xp": 0,
      "level": 1,
      "max_hearts": 10,
      "current_hearts": 10,
      "last_heart_update": "2026-02-02T11:01:14.903Z",
      "current_streak": 0,
      "longest_streak": 0,
      "last_activity_date": null,
      "groups": [],
      "user_permissions": []
    }
  },
  {
    "model": "accounts.user",
    "pk": "39a57df8-1fde-478d-9548-7701b4ad8289",
    "fields": {
      "password": "pbkdf2_sha256$600000$R1aS8AY9Lmjn9Em3hp5nlG$LXCsfp7scELH6ogQmKVkivvrtLdpjtqBOTmNKsbpfcw=",
      "last_login": null,
      "is_superuser": false,
      "email": "testuser@codelogic.com",
      "username": "testuser",
      "display_name": "ipsumss",
      "last_display_name_change": "2026-02-01T11:13:38.161Z",
      "avatar": 2,
      "bio": "",
      "is_active": true,
      "is_staff": false,
      "is_email_verified": true,
      "date_joined": "2026-02-01T11:08:56.766Z",
      "last_active": "2026-02-05T16:34:08.272Z",
      "xp": 999999,
      "level": 2000,
      "max_hearts": 5,
      "current_hearts": 5,
      "last_heart_update": "2026-02-05T16:25:54.273Z",
      "current_streak": 80,
      "longest_streak": 45,
      "last_activity_date": "2026-02-05",
      "groups": [],
      "user_permissions": []
    }
  },
  {
    "model": "accounts.user",
    "pk": "49c98878-572e-4fac-b85f-d8a1c8a5225e",
    "fields": {
      "password": "pbkdf2_sha256$1200000$C6sKwlMa12tH5TmgLRkWl4$h86EYslCa8GZBZINty5Qmc+WB9wwQD3SCGWBX8UgLx0=",
      "last_login": "2026-02-01T12:06:05.356Z",
      "is_superuser": true,
      "email": "admin@codelogic.com",
      "username": "admin",
      "display_name": "",
      "last_display_name_change": null,
      "avatar": 2,
      "bio": "",
      "is_active": true,
      "is_staff": true,
      "is_email_verified": true,
      "date_joined": "2026-02-01T04:57:11.734Z",
      "last_active": "2026-02-01T12:04:22.064Z",
      "xp": 0,
      "level": 1,
      "max_hearts": 10,
      "current_hearts": 10,
      "last_heart_update": "2026-02-01T04:57:11.734Z",
      "current_streak": 0,
      "longest_streak": 0,
      "last_activity_date": null,
      "groups": [],
      "user_permissions": []
    }
  },
  {
    "model": "accounts.user",
    "pk": "aa559a15-ef77-407c-bee0-59a7f4042f88",
    "fields": {
      "password": "pbkdf2_sha256$600000$1ZmQNR5HRtm2HEaRR188XJ$Xb+OS8HJQrvzCE5Tr20sPKun590wnN6tnQkYCXRQGPE=",
      "last_login": null,
      "is_superuser": false,
      "email": "julius12@gmail.com",
      "username": "julius12",
      "display_name": "john doe",
      "last_display_name_change": "2026-02-05T14:28:29.745Z",
      "avatar": 5,
      "bio": "",
      "is_active": true,
      "is_staff": false,
      "is_email_verified": true,
      "date_joined": "2026-01-28T12:07:14.911Z",
      "last_active": "2026-02-06T02:46:58.172Z",
      "xp": 4670,
      "level": 10,
      "max_hearts": 10,
      "current_hearts": 1,
      "last_heart_update": "2026-02-06T02:46:58.172Z",
      "current_streak": 4,
      "longest_streak": 4,
      "last_activity_date": "2026-02-06",
      "groups": [],
      "user_permissions": []
    }
  },
  {
    "model": "accounts.user",
    "pk": "c73fbdaa-ec87-48e3-96eb-a4b5c4e213f2",
    "fields": {
      "password": "pbkdf2_sha256$600000$wVJNpBGrpHkRpkpLSoBlzj$IZzDlX0lLgfxRcA85EM1oprrHE4kOjo+zBH/czn1CCM=",
      "last_login": null,
      "is_superuser": false,
      "email": "ipsum12@gmail.com",
      "username": "ipsum12",
      "display_name": "hacker",
      "last_display_name_change": "2026-02-05T12:44:28.667Z",
      "avatar": 2,
      "bio": "",
      "is_active": true,
      "is_staff": false,
      "is_email_verified": true,
      "date_joined": "2026-01-28T10:21:22.872Z",
      "last_active": "2026-02-06T03:06:11.811Z",
      "xp": 2225,
      "level": 5,
      "max_hearts": 10,
      "current_hearts": 5,
      "last_heart_update": "2026-02-06T03:06:11.811Z",
      "current_streak": 2,
      "longest_streak": 2,
      "last_activity_date": "2026-02-06",
      "groups": [],
      "user_permissions": []
    }
  },
  {
    "model": "accounts.emailverificationtoken",
    "pk": "61c9b628-d449-4d72-9fca-187834ac75b6",
    "fields": {
      "user": "aa559a15-ef77-407c-bee0-59a7f4042f88",
      "token": "MukLA70Zry3ntO6f7IK6tOtBib4WyUpr6p-0Wl2KZuE",
      "created_at": "2026-01-28T12:07:15.519Z",
      "expires_at": "2026-01-29T12:07:15.519Z",
      "is_used": true
    }
  },
  {
    "model": "accounts.emailverificationtoken",
    "pk": "ea7362c4-726e-40b8-b3fa-6003de543b56",
    "fields": {
      "user": "c73fbdaa-ec87-48e3-96eb-a4b5c4e213f2",
      "token": "NYz_dLM21GUXmgR5C9AYmy5YBNxxcJWj6sTFbca-TLw",
      "created_at": "2026-01-28T10:21:23.435Z",
      "expires_at": "2026-01-29T10:21:23.434Z",
      "is_used": true
    }
  },
  {
    "model": "game.sitesettings",
    "pk": "00000000-0000-0000-0000-000000000001",
    "fields": {
      "site_name": "CodeLogic",
      "site_tagline": "Master Code Through Play",
      "site_description": "A gamified quiz platform that makes learning programming fun, engaging, and rewarding.",
      "contact_email": "hello2@codelogic.com",
      "max_hearts": 10,
      "heart_regen_minutes": 2,
      "xp_per_correct_answer": 10,
      "xp_perfect_bonus": 50,
      "question_time_limit": 30,
      "questions_per_quiz_min": 5,
      "questions_per_quiz_max": 10,
      "pass_percentage": 70,
      "xp_per_level": 500,
      "max_topic_levels": 15,
      "github_url": "",
      "twitter_url": "",
      "discord_url": "",
      "linkedin_url": "",
      "maintenance_mode": false,
      "registration_enabled": true,
      "email_verification_required": true,
      "leaderboard_enabled": true,
      "learning_resources_enabled": true,
      "announcement_text": "",
      "announcement_type": "info",
      "announcement_enabled": false,
      "updated_at": "2026-02-01T12:16:20.305Z"
    }
  },
  {
    "model": "game.learningresource",
    "pk": "3936a8e3-6327-4cca-90e2-4489597a142c",
    "fields": {
      "title": "React.js",
      "slug": "reactjs",
      "description": "React JS is a JavaScript library used to build user interfaces for websites and web apps.\r\nIt helps create dynamic and interactive pages by dividing the interface into reusable components.\r\n\r\nThis book explains the basics of React, including components, props, state, and simple event handling. It is designed for beginners and can also be used as a quick reference for developers.\r\n\r\nThis PDF is shared from GoalKicker and is based on Stack Overflow Documentation. It is available under the Creative Commons BY-SA license.",
      "category": "web-development",
      "language": "React",
      "difficulty": "intermediate",
      "pdf_file": "learning_resources/pdfs/ReactJSNotesForProfessionals.pdf",
      "thumbnail": "learning_resources/thumbnails/ReactJSGrow.png",
      "pages": 110,
      "read_time": "",
      "views": 44,
      "is_active": true,
      "is_featured": false,
      "created_at": "2026-02-01T06:57:00.221Z",
      "updated_at": "2026-02-01T06:57:00.221Z"
    }
  },
  {
    "model": "game.learningresource",
    "pk": "8405d685-a13a-4779-9b54-45ae1800bd92",
    "fields": {
      "title": "CSS",
      "slug": "css",
      "description": "CSS (Cascading Style Sheets) is used to style and design web pages.\r\nIt controls how HTML elements look, including colors, fonts, spacing, layout, and responsiveness.\r\n\r\nThis book explains the basics of CSS, such as selectors, properties, layouts, and common styling techniques. It helps beginners understand how to make websites look clean and modern, and it can also be used as a quick reference.\r\n\r\nThis PDF is shared from GoalKicker and is based on Stack Overflow Documentation. It is available under the Creative Commons BY-SA license.",
      "category": "web-development",
      "language": "CSS",
      "difficulty": "beginner",
      "pdf_file": "learning_resources/pdfs/CSSNotesForProfessionals.pdf",
      "thumbnail": "learning_resources/thumbnails/CSSGrow.png",
      "pages": 244,
      "read_time": "",
      "views": 4,
      "is_active": true,
      "is_featured": false,
      "created_at": "2026-02-01T06:51:49.384Z",
      "updated_at": "2026-02-01T06:51:49.384Z"
    }
  },
  {
    "model": "game.learningresource",
    "pk": "8c1106b0-df1f-43e8-bfa3-4e4cef735930",
    "fields": {
      "title": "Bash",
      "slug": "bash",
      "description": "Bash is a command-line language used to interact with the operating system.\r\nIt allows users to run commands, manage files, and automate tasks using scripts.\r\n\r\nThis book explains the basics of Bash, including commands, variables, conditions, loops, and simple shell scripts. It is useful for beginners who want to work with the terminal and for users who need a quick reference.\r\n\r\nThis PDF is shared from GoalKicker and is based on Stack Overflow Documentation. It is available under the Creative Commons BY-SA license.",
      "category": "programming",
      "language": "Bash",
      "difficulty": "beginner",
      "pdf_file": "learning_resources/pdfs/BashNotesForProfessionals.pdf",
      "thumbnail": "learning_resources/thumbnails/BashGrow.png",
      "pages": 204,
      "read_time": "",
      "views": 10,
      "is_active": true,
      "is_featured": true,
      "created_at": "2026-02-02T09:56:41.540Z",
      "updated_at": "2026-02-02T09:56:41.540Z"
    }
  },
  {
    "model": "game.learningresource",
    "pk": "903c7024-87b9-4e61-b3c2-d1b3a1b971c6",
    "fields": {
      "title": "SQL",
      "slug": "sql",
      "description": "SQL (Structured Query Language) is used to manage and work with databases.\r\nIt helps to store, update, and retrieve data quickly and efficiently.\r\n\r\nThis book covers the basic concepts of SQL, including creating tables, inserting and updating data, writing queries, and using functions. It is suitable for beginners and also works as a quick reference for developers.\r\n\r\nThis PDF is shared from GoalKicker and is based on Stack Overflow Documentation. It is available under the Creative Commons BY-SA license.",
      "category": "programming",
      "language": "SQL",
      "difficulty": "beginner",
      "pdf_file": "learning_resources/pdfs/SQLNotesForProfessionals.pdf",
      "thumbnail": "learning_resources/thumbnails/SQLGrow.png",
      "pages": 116,
      "read_time": "",
      "views": 11,
      "is_active": true,
      "is_featured": false,
      "created_at": "2026-02-01T06:56:15.625Z",
      "updated_at": "2026-02-01T06:56:15.626Z"
    }
  },
  {
    "model": "game.learningresource",
    "pk": "98f01773-5b62-4db0-af9e-66123ee2234c",
    "fields": {
      "title": "HTML",
      "slug": "html",
      "description": "HTML (HyperText Markup Language) is the standard language used to create web pages.\r\nIt defines the structure of a website, such as headings, paragraphs, links, images, and forms.\r\n\r\nThis book is a simple and practical guide to HTML. It covers basic tags, page structure, and common elements used in modern websites. It is suitable for beginners and for developers who want a quick reference.\r\n\r\nThis PDF is provided by GoalKicker and is based on Stack Overflow Documentation. It is shared under the Creative Commons BY-SA license.",
      "category": "web-development",
      "language": "HTML",
      "difficulty": "beginner",
      "pdf_file": "learning_resources/pdfs/HTML5NotesForProfessionals.pdf",
      "thumbnail": "learning_resources/thumbnails/HTML5Grow.png",
      "pages": 116,
      "read_time": "",
      "views": 14,
      "is_active": true,
      "is_featured": true,
      "created_at": "2026-02-01T06:49:56.600Z",
      "updated_at": "2026-02-01T08:34:36.185Z"
    }
  },
  {
    "model": "game.learningresource",
    "pk": "c3dd3995-0e0d-4399-a03c-4ebef585996a",
    "fields": {
      "title": "Javascript",
      "slug": "javascript",
      "description": "JavaScript is a programming language used to make websites interactive.\r\nIt allows web pages to respond to user actions, update content without reloading, and control dynamic elements like forms, buttons, and animations.\r\n\r\nThis book covers the core concepts of JavaScript, including variables, functions, conditions, loops, and basic browser interaction. It is suitable for beginners and also useful as a quick reference.\r\n\r\nThis PDF is shared from GoalKicker and is based on Stack Overflow Documentation. It is available under the Creative Commons BY-SA license.",
      "category": "programming",
      "language": "Javascript",
      "difficulty": "intermediate",
      "pdf_file": "learning_resources/pdfs/JavaScriptNotesForProfessionals.pdf",
      "thumbnail": "learning_resources/thumbnails/JavaScriptGrow.png",
      "pages": 420,
      "read_time": "",
      "views": 10,
      "is_active": true,
      "is_featured": false,
      "created_at": "2026-02-01T06:52:42.735Z",
      "updated_at": "2026-02-01T06:52:42.735Z"
    }
  },
  {
    "model": "game.learningresource",
    "pk": "fb47eded-1c6b-4856-a8bc-cdfc5502400e",
    "fields": {
      "title": "Python",
      "slug": "python",
      "description": "Python is a popular programming language that is easy to read and learn.\r\nIt is used for web development, data analysis, automation, and many other applications.\r\n\r\nThis book explains the basic concepts of Python, such as variables, data types, loops, functions, and simple projects. It is ideal for beginners and can also be used as a quick reference guide.\r\n\r\nThis PDF is shared from GoalKicker and is based on Stack Overflow Documentation. It is available under the Creative Commons BY-SA license.",
      "category": "programming",
      "language": "Python",
      "difficulty": "beginner",
      "pdf_file": "learning_resources/pdfs/PythonNotesForProfessionals.pdf",
      "thumbnail": "learning_resources/thumbnails/PythonGrow.png",
      "pages": 856,
      "read_time": "",
      "views": 10,
      "is_active": true,
      "is_featured": false,
      "created_at": "2026-02-01T06:53:28.146Z",
      "updated_at": "2026-02-01T06:53:28.147Z"
    }
  }
]